"LOCATION","INDICATOR","SUBJECT","MEASURE","FREQUENCY","TIME","Value","Flag Codes"
"AUS","MFP","TOT","AGRWTH","A","1985",-0.608898,
"AUS","MFP","TOT","AGRWTH","A","1986",-0.734322,
"AUS","MFP","TOT","AGRWTH","A","1987",1.597102,
"AUS","MFP","TOT","AGRWTH","A","1988",-0.698363,
"AUS","MFP","TOT","AGRWTH","A","1989",-0.301992,
"AUS","MFP","TOT","AGRWTH","A","1990",-0.244388,
"AUS","MFP","TOT","AGRWTH","A","1991",0.711499,
"AUS","MFP","TOT","AGRWTH","A","1992",2.281571,
"AUS","MFP","TOT","AGRWTH","A","1993",0.361093,
"AUS","MFP","TOT","AGRWTH","A","1994",0.152031,
"AUS","MFP","TOT","AGRWTH","A","1995",2.012589,
"AUS","MFP","TOT","AGRWTH","A","1996",2.31692,
"AUS","MFP","TOT","AGRWTH","A","1997",2.32282,
"AUS","MFP","TOT","AGRWTH","A","1998",2.352151,
"AUS","MFP","TOT","AGRWTH","A","1999",0.383388,
"AUS","MFP","TOT","AGRWTH","A","2000",0.10578,
"AUS","MFP","TOT","AGRWTH","A","2001",2.382146,
"AUS","MFP","TOT","AGRWTH","A","2002",0.558305,
"AUS","MFP","TOT","AGRWTH","A","2003",1.445461,
"AUS","MFP","TOT","AGRWTH","A","2004",-0.806246,
"AUS","MFP","TOT","AGRWTH","A","2005",-0.540518,
"AUS","MFP","TOT","AGRWTH","A","2006",-0.091982,
"AUS","MFP","TOT","AGRWTH","A","2007",0.136008,
"AUS","MFP","TOT","AGRWTH","A","2008",1.436657,
"AUS","MFP","TOT","AGRWTH","A","2009",-1.438855,
"AUS","MFP","TOT","AGRWTH","A","2010",0.309041,
"AUS","MFP","TOT","AGRWTH","A","2011",0.223154,
"AUS","MFP","TOT","AGRWTH","A","2012",0.799518,
"AUS","MFP","TOT","AGRWTH","A","2013",0.687472,
"AUS","MFP","TOT","AGRWTH","A","2014",-0.081386,
"AUS","MFP","TOT","AGRWTH","A","2015",1.803483,
"AUS","MFP","TOT","AGRWTH","A","2016",-0.193811,
"AUS","MFP","TOT","AGRWTH","A","2017",0.913295,
"AUS","MFP","TOT","AGRWTH","A","2018",-0.013549,
"AUS","MFP","TOT","AGRWTH","A","2019",0.319443,
"AUS","MFP","TOT","AGRWTH","A","2020",1.416806,
"AUS","MFP","TOT","AGRWTH","A","2021",1.046465,
"AUS","MFP","TOT","AGRWTH","A","2022",-0.590889,
"AUT","MFP","TOT","AGRWTH","A","1989",2.267096,
"AUT","MFP","TOT","AGRWTH","A","1990",2.067615,
"AUT","MFP","TOT","AGRWTH","A","1991",1.732464,
"AUT","MFP","TOT","AGRWTH","A","1992",1.160581,
"AUT","MFP","TOT","AGRWTH","A","1993",1.373337,
"AUT","MFP","TOT","AGRWTH","A","1994",2.784615,
"AUT","MFP","TOT","AGRWTH","A","1995",5.509766,
"AUT","MFP","TOT","AGRWTH","A","1996",-0.21652,
"AUT","MFP","TOT","AGRWTH","A","1997",0.282247,
"AUT","MFP","TOT","AGRWTH","A","1998",2.578224,
"AUT","MFP","TOT","AGRWTH","A","1999",1.034816,
"AUT","MFP","TOT","AGRWTH","A","2000",1.310812,
"AUT","MFP","TOT","AGRWTH","A","2001",-0.049632,
"AUT","MFP","TOT","AGRWTH","A","2002",0.660831,
"AUT","MFP","TOT","AGRWTH","A","2003",-0.238772,
"AUT","MFP","TOT","AGRWTH","A","2004",1.254694,
"AUT","MFP","TOT","AGRWTH","A","2005",1.594904,
"AUT","MFP","TOT","AGRWTH","A","2006",2.096448,
"AUT","MFP","TOT","AGRWTH","A","2007",1.983446,
"AUT","MFP","TOT","AGRWTH","A","2008",-0.449148,
"AUT","MFP","TOT","AGRWTH","A","2009",-2.158139,
"AUT","MFP","TOT","AGRWTH","A","2010",0.979406,
"AUT","MFP","TOT","AGRWTH","A","2011",0.67215,
"AUT","MFP","TOT","AGRWTH","A","2012",0.26644,
"AUT","MFP","TOT","AGRWTH","A","2013",-0.302731,
"AUT","MFP","TOT","AGRWTH","A","2014",-0.178094,
"AUT","MFP","TOT","AGRWTH","A","2015",0.619999,
"AUT","MFP","TOT","AGRWTH","A","2016",-0.321359,
"AUT","MFP","TOT","AGRWTH","A","2017",0.735042,
"AUT","MFP","TOT","AGRWTH","A","2018",0.143986,
"AUT","MFP","TOT","AGRWTH","A","2019",-0.648598,
"AUT","MFP","TOT","AGRWTH","A","2020",-0.735889,
"AUT","MFP","TOT","AGRWTH","A","2021",0.215203,
"AUT","MFP","TOT","AGRWTH","A","2022",1.986014,
"BEL","MFP","TOT","AGRWTH","A","1985",-0.237723,
"BEL","MFP","TOT","AGRWTH","A","1986",0.83396,
"BEL","MFP","TOT","AGRWTH","A","1987",1.138474,
"BEL","MFP","TOT","AGRWTH","A","1988",2.398104,
"BEL","MFP","TOT","AGRWTH","A","1989",1.175312,
"BEL","MFP","TOT","AGRWTH","A","1990",0.140375,
"BEL","MFP","TOT","AGRWTH","A","1991",1.899027,
"BEL","MFP","TOT","AGRWTH","A","1992",1.408106,
"BEL","MFP","TOT","AGRWTH","A","1993",0.226319,
"BEL","MFP","TOT","AGRWTH","A","1994",2.198265,
"BEL","MFP","TOT","AGRWTH","A","1995",-0.69192,
"BEL","MFP","TOT","AGRWTH","A","1996",-0.235807,
"BEL","MFP","TOT","AGRWTH","A","1997",1.49073,
"BEL","MFP","TOT","AGRWTH","A","1998",-0.382966,
"BEL","MFP","TOT","AGRWTH","A","1999",0.998737,
"BEL","MFP","TOT","AGRWTH","A","2000",-0.019629,
"BEL","MFP","TOT","AGRWTH","A","2001",-1.092892,
"BEL","MFP","TOT","AGRWTH","A","2002",-0.331079,
"BEL","MFP","TOT","AGRWTH","A","2003",-0.211182,
"BEL","MFP","TOT","AGRWTH","A","2004",2.138746,
"BEL","MFP","TOT","AGRWTH","A","2005",0.511494,
"BEL","MFP","TOT","AGRWTH","A","2006",-0.072721,
"BEL","MFP","TOT","AGRWTH","A","2007",1.10651,
"BEL","MFP","TOT","AGRWTH","A","2008",-1.462103,
"BEL","MFP","TOT","AGRWTH","A","2009",-1.879067,
"BEL","MFP","TOT","AGRWTH","A","2010",1.032413,
"BEL","MFP","TOT","AGRWTH","A","2011",-0.927043,
"BEL","MFP","TOT","AGRWTH","A","2012",-0.162732,
"BEL","MFP","TOT","AGRWTH","A","2013",0.15583,
"BEL","MFP","TOT","AGRWTH","A","2014",0.78391,
"BEL","MFP","TOT","AGRWTH","A","2015",0.914313,
"BEL","MFP","TOT","AGRWTH","A","2016",-0.367158,
"BEL","MFP","TOT","AGRWTH","A","2017",-0.488399,
"BEL","MFP","TOT","AGRWTH","A","2018",-0.125008,
"BEL","MFP","TOT","AGRWTH","A","2019",0.381538,
"BEL","MFP","TOT","AGRWTH","A","2020",0.19754,
"BEL","MFP","TOT","AGRWTH","A","2021",0.108941,
"BEL","MFP","TOT","AGRWTH","A","2022",1.111391,
"CAN","MFP","TOT","AGRWTH","A","1985",0.817584,
"CAN","MFP","TOT","AGRWTH","A","1986",-1.007091,
"CAN","MFP","TOT","AGRWTH","A","1987",0.424196,
"CAN","MFP","TOT","AGRWTH","A","1988",0.681448,
"CAN","MFP","TOT","AGRWTH","A","1989",-0.357566,
"CAN","MFP","TOT","AGRWTH","A","1990",-1.073132,
"CAN","MFP","TOT","AGRWTH","A","1991",-0.929653,
"CAN","MFP","TOT","AGRWTH","A","1992",0.984743,
"CAN","MFP","TOT","AGRWTH","A","1993",1.491561,
"CAN","MFP","TOT","AGRWTH","A","1994",1.815089,
"CAN","MFP","TOT","AGRWTH","A","1995",0.795708,
"CAN","MFP","TOT","AGRWTH","A","1996",-0.616058,
"CAN","MFP","TOT","AGRWTH","A","1997",1.190728,
"CAN","MFP","TOT","AGRWTH","A","1998",1.160838,
"CAN","MFP","TOT","AGRWTH","A","1999",1.951316,
"CAN","MFP","TOT","AGRWTH","A","2000",2.373082,
"CAN","MFP","TOT","AGRWTH","A","2001",0.437081,
"CAN","MFP","TOT","AGRWTH","A","2002",1.04271,
"CAN","MFP","TOT","AGRWTH","A","2003",-0.355705,
"CAN","MFP","TOT","AGRWTH","A","2004",0.301475,
"CAN","MFP","TOT","AGRWTH","A","2005",1.152795,
"CAN","MFP","TOT","AGRWTH","A","2006",0.312278,
"CAN","MFP","TOT","AGRWTH","A","2007",-0.656349,
"CAN","MFP","TOT","AGRWTH","A","2008",-0.990776,
"CAN","MFP","TOT","AGRWTH","A","2009",-1.074298,
"CAN","MFP","TOT","AGRWTH","A","2010",0.836047,
"CAN","MFP","TOT","AGRWTH","A","2011",1.298101,
"CAN","MFP","TOT","AGRWTH","A","2012",-0.372994,
"CAN","MFP","TOT","AGRWTH","A","2013",0.927898,
"CAN","MFP","TOT","AGRWTH","A","2014",2.088069,
"CAN","MFP","TOT","AGRWTH","A","2015",-0.493536,
"CAN","MFP","TOT","AGRWTH","A","2016",0.398101,
"CAN","MFP","TOT","AGRWTH","A","2017",1.514772,
"CAN","MFP","TOT","AGRWTH","A","2018",0.292319,
"CAN","MFP","TOT","AGRWTH","A","2019",0.256654,
"CAN","MFP","TOT","AGRWTH","A","2020",3.561672,
"CAN","MFP","TOT","AGRWTH","A","2021",-2.673233,
"CAN","MFP","TOT","AGRWTH","A","2022",-0.39534,
"DNK","MFP","TOT","AGRWTH","A","1985",1.438361,
"DNK","MFP","TOT","AGRWTH","A","1986",1.215432,
"DNK","MFP","TOT","AGRWTH","A","1987",-0.081054,
"DNK","MFP","TOT","AGRWTH","A","1988",0.100139,
"DNK","MFP","TOT","AGRWTH","A","1989",0.260352,
"DNK","MFP","TOT","AGRWTH","A","1990",1.180738,
"DNK","MFP","TOT","AGRWTH","A","1991",0.997652,
"DNK","MFP","TOT","AGRWTH","A","1992",0.697692,
"DNK","MFP","TOT","AGRWTH","A","1993",0.35054,
"DNK","MFP","TOT","AGRWTH","A","1994",4.756838,
"DNK","MFP","TOT","AGRWTH","A","1995",0.652587,
"DNK","MFP","TOT","AGRWTH","A","1996",1.217129,
"DNK","MFP","TOT","AGRWTH","A","1997",-0.071671,
"DNK","MFP","TOT","AGRWTH","A","1998",-0.99738,
"DNK","MFP","TOT","AGRWTH","A","1999",0.131287,
"DNK","MFP","TOT","AGRWTH","A","2000",1.349355,
"DNK","MFP","TOT","AGRWTH","A","2001",-1.211853,
"DNK","MFP","TOT","AGRWTH","A","2002",-0.384888,
"DNK","MFP","TOT","AGRWTH","A","2003",0.320349,
"DNK","MFP","TOT","AGRWTH","A","2004",2.015859,
"DNK","MFP","TOT","AGRWTH","A","2005",0.713501,
"DNK","MFP","TOT","AGRWTH","A","2006",0.825207,
"DNK","MFP","TOT","AGRWTH","A","2007",-0.677916,
"DNK","MFP","TOT","AGRWTH","A","2008",-2.238497,
"DNK","MFP","TOT","AGRWTH","A","2009",-2.866508,
"DNK","MFP","TOT","AGRWTH","A","2010",2.61859,
"DNK","MFP","TOT","AGRWTH","A","2011",0.26075,
"DNK","MFP","TOT","AGRWTH","A","2012",0.970114,
"DNK","MFP","TOT","AGRWTH","A","2013",0.387716,
"DNK","MFP","TOT","AGRWTH","A","2014",1.111714,
"DNK","MFP","TOT","AGRWTH","A","2015",1.16626,
"DNK","MFP","TOT","AGRWTH","A","2016",1.083241,
"DNK","MFP","TOT","AGRWTH","A","2017",1.462677,
"DNK","MFP","TOT","AGRWTH","A","2018",1.414727,
"DNK","MFP","TOT","AGRWTH","A","2019",0.420164,
"DNK","MFP","TOT","AGRWTH","A","2020",-0.385681,
"DNK","MFP","TOT","AGRWTH","A","2021",1.581405,
"DNK","MFP","TOT","AGRWTH","A","2022",-0.22749,
"FIN","MFP","TOT","AGRWTH","A","1985",2.303874,
"FIN","MFP","TOT","AGRWTH","A","1986",2.648799,
"FIN","MFP","TOT","AGRWTH","A","1987",1.293271,
"FIN","MFP","TOT","AGRWTH","A","1988",3.421478,
"FIN","MFP","TOT","AGRWTH","A","1989",2.687717,
"FIN","MFP","TOT","AGRWTH","A","1990",0.636098,
"FIN","MFP","TOT","AGRWTH","A","1991",-2.073459,
"FIN","MFP","TOT","AGRWTH","A","1992",0.851896,
"FIN","MFP","TOT","AGRWTH","A","1993",3.062137,
"FIN","MFP","TOT","AGRWTH","A","1994",3.88486,
"FIN","MFP","TOT","AGRWTH","A","1995",1.86242,
"FIN","MFP","TOT","AGRWTH","A","1996",1.87457,
"FIN","MFP","TOT","AGRWTH","A","1997",3.181214,
"FIN","MFP","TOT","AGRWTH","A","1998",3.39993,
"FIN","MFP","TOT","AGRWTH","A","1999",1.901669,
"FIN","MFP","TOT","AGRWTH","A","2000",3.72249,
"FIN","MFP","TOT","AGRWTH","A","2001",1.250274,
"FIN","MFP","TOT","AGRWTH","A","2002",0.508175,
"FIN","MFP","TOT","AGRWTH","A","2003",1.39842,
"FIN","MFP","TOT","AGRWTH","A","2004",2.839296,
"FIN","MFP","TOT","AGRWTH","A","2005",1.40776,
"FIN","MFP","TOT","AGRWTH","A","2006",2.171509,
"FIN","MFP","TOT","AGRWTH","A","2007",2.869646,
"FIN","MFP","TOT","AGRWTH","A","2008",-1.490159,
"FIN","MFP","TOT","AGRWTH","A","2009",-6.129907,
"FIN","MFP","TOT","AGRWTH","A","2010",2.932753,
"FIN","MFP","TOT","AGRWTH","A","2011",1.331807,
"FIN","MFP","TOT","AGRWTH","A","2012",-1.862754,
"FIN","MFP","TOT","AGRWTH","A","2013",-0.185158,
"FIN","MFP","TOT","AGRWTH","A","2014",-0.110019,
"FIN","MFP","TOT","AGRWTH","A","2015",0.573134,
"FIN","MFP","TOT","AGRWTH","A","2016",2.246799,
"FIN","MFP","TOT","AGRWTH","A","2017",2.344634,
"FIN","MFP","TOT","AGRWTH","A","2018",-0.968653,
"FIN","MFP","TOT","AGRWTH","A","2019",-0.086536,
"FIN","MFP","TOT","AGRWTH","A","2020",-0.84334,
"FIN","MFP","TOT","AGRWTH","A","2021",0.953264,
"FIN","MFP","TOT","AGRWTH","A","2022",1.326559,
"FRA","MFP","TOT","AGRWTH","A","1985",2.523118,
"FRA","MFP","TOT","AGRWTH","A","1986",1.291771,
"FRA","MFP","TOT","AGRWTH","A","1987",0.376189,
"FRA","MFP","TOT","AGRWTH","A","1988",2.404303,
"FRA","MFP","TOT","AGRWTH","A","1989",2.444975,
"FRA","MFP","TOT","AGRWTH","A","1990",1.184775,
"FRA","MFP","TOT","AGRWTH","A","1991",-0.003742,
"FRA","MFP","TOT","AGRWTH","A","1992",1.061737,
"FRA","MFP","TOT","AGRWTH","A","1993",-0.340811,
"FRA","MFP","TOT","AGRWTH","A","1994",1.284703,
"FRA","MFP","TOT","AGRWTH","A","1995",1.542474,
"FRA","MFP","TOT","AGRWTH","A","1996",0.314589,
"FRA","MFP","TOT","AGRWTH","A","1997",0.934752,
"FRA","MFP","TOT","AGRWTH","A","1998",1.685793,
"FRA","MFP","TOT","AGRWTH","A","1999",0.749978,
"FRA","MFP","TOT","AGRWTH","A","2000",1.747401,
"FRA","MFP","TOT","AGRWTH","A","2001",0.716022,
"FRA","MFP","TOT","AGRWTH","A","2002",1.54399,
"FRA","MFP","TOT","AGRWTH","A","2003",-0.133367,
"FRA","MFP","TOT","AGRWTH","A","2004",0.792324,
"FRA","MFP","TOT","AGRWTH","A","2005",0.351285,
"FRA","MFP","TOT","AGRWTH","A","2006",1.689158,
"FRA","MFP","TOT","AGRWTH","A","2007",-0.641991,
"FRA","MFP","TOT","AGRWTH","A","2008",-1.301801,
"FRA","MFP","TOT","AGRWTH","A","2009",-2.002866,
"FRA","MFP","TOT","AGRWTH","A","2010",0.900132,
"FRA","MFP","TOT","AGRWTH","A","2011",0.749234,
"FRA","MFP","TOT","AGRWTH","A","2012",-0.267817,
"FRA","MFP","TOT","AGRWTH","A","2013",0.594902,
"FRA","MFP","TOT","AGRWTH","A","2014",0.422687,
"FRA","MFP","TOT","AGRWTH","A","2015",0.31836,
"FRA","MFP","TOT","AGRWTH","A","2016",-0.111462,
"FRA","MFP","TOT","AGRWTH","A","2017",1.467069,
"FRA","MFP","TOT","AGRWTH","A","2018",0.074707,
"FRA","MFP","TOT","AGRWTH","A","2019",0.033709,
"FRA","MFP","TOT","AGRWTH","A","2020",-2.368239,
"FRA","MFP","TOT","AGRWTH","A","2021",-0.078816,
"FRA","MFP","TOT","AGRWTH","A","2022",-1.370419,
"DEU","MFP","TOT","AGRWTH","A","1985",1.486597,
"DEU","MFP","TOT","AGRWTH","A","1986",0.902782,
"DEU","MFP","TOT","AGRWTH","A","1987",0.614773,
"DEU","MFP","TOT","AGRWTH","A","1988",1.983947,
"DEU","MFP","TOT","AGRWTH","A","1989",2.655577,
"DEU","MFP","TOT","AGRWTH","A","1990",2.90778,
"DEU","MFP","TOT","AGRWTH","A","1991",2.747113,
"DEU","MFP","TOT","AGRWTH","A","1992",1.330781,
"DEU","MFP","TOT","AGRWTH","A","1993",0.435937,
"DEU","MFP","TOT","AGRWTH","A","1994",1.838938,
"DEU","MFP","TOT","AGRWTH","A","1995",0.886935,
"DEU","MFP","TOT","AGRWTH","A","1996",0.793733,
"DEU","MFP","TOT","AGRWTH","A","1997",1.601404,
"DEU","MFP","TOT","AGRWTH","A","1998",0.52905,
"DEU","MFP","TOT","AGRWTH","A","1999",0.466803,
"DEU","MFP","TOT","AGRWTH","A","2000",1.613868,
"DEU","MFP","TOT","AGRWTH","A","2001",1.42575,
"DEU","MFP","TOT","AGRWTH","A","2002",0.019033,
"DEU","MFP","TOT","AGRWTH","A","2003",-0.062241,
"DEU","MFP","TOT","AGRWTH","A","2004",0.634488,
"DEU","MFP","TOT","AGRWTH","A","2005",0.901495,
"DEU","MFP","TOT","AGRWTH","A","2006",1.599109,
"DEU","MFP","TOT","AGRWTH","A","2007",1.014527,
"DEU","MFP","TOT","AGRWTH","A","2008",-0.342359,
"DEU","MFP","TOT","AGRWTH","A","2009",-4.066657,
"DEU","MFP","TOT","AGRWTH","A","2010",2.416012,
"DEU","MFP","TOT","AGRWTH","A","2011",2.45463,
"DEU","MFP","TOT","AGRWTH","A","2012",0.222244,
"DEU","MFP","TOT","AGRWTH","A","2013",0.18584,
"DEU","MFP","TOT","AGRWTH","A","2014",1.016663,
"DEU","MFP","TOT","AGRWTH","A","2015",0.374022,
"DEU","MFP","TOT","AGRWTH","A","2016",1.150515,
"DEU","MFP","TOT","AGRWTH","A","2017",1.551932,
"DEU","MFP","TOT","AGRWTH","A","2018",-0.060114,
"DEU","MFP","TOT","AGRWTH","A","2019",0.346022,
"DEU","MFP","TOT","AGRWTH","A","2020",-0.406188,
"DEU","MFP","TOT","AGRWTH","A","2021",0.955313,
"DEU","MFP","TOT","AGRWTH","A","2022",0.457833,
"IRL","MFP","TOT","AGRWTH","A","1985",2.34764,
"IRL","MFP","TOT","AGRWTH","A","1986",-1.812328,
"IRL","MFP","TOT","AGRWTH","A","1987",4.352724,
"IRL","MFP","TOT","AGRWTH","A","1988",4.134561,
"IRL","MFP","TOT","AGRWTH","A","1989",4.771029,
"IRL","MFP","TOT","AGRWTH","A","1990",4.370939,
"IRL","MFP","TOT","AGRWTH","A","1991",2.940538,
"IRL","MFP","TOT","AGRWTH","A","1992",4.040605,
"IRL","MFP","TOT","AGRWTH","A","1993",2.067642,
"IRL","MFP","TOT","AGRWTH","A","1994",2.457441,
"IRL","MFP","TOT","AGRWTH","A","1995",4.736471,
"IRL","MFP","TOT","AGRWTH","A","1996",3.398845,
"IRL","MFP","TOT","AGRWTH","A","1997",6.05651,
"IRL","MFP","TOT","AGRWTH","A","1998",-0.404421,
"IRL","MFP","TOT","AGRWTH","A","1999",4.020276,
"IRL","MFP","TOT","AGRWTH","A","2000",4.38205,
"IRL","MFP","TOT","AGRWTH","A","2001",2.140657,
"IRL","MFP","TOT","AGRWTH","A","2002",3.433506,
"IRL","MFP","TOT","AGRWTH","A","2003",1.027317,
"IRL","MFP","TOT","AGRWTH","A","2004",2.980145,
"IRL","MFP","TOT","AGRWTH","A","2005",0.00882,
"IRL","MFP","TOT","AGRWTH","A","2006",0.280597,
"IRL","MFP","TOT","AGRWTH","A","2007",1.099966,
"IRL","MFP","TOT","AGRWTH","A","2008",-4.144579,
"IRL","MFP","TOT","AGRWTH","A","2009",1.200373,
"IRL","MFP","TOT","AGRWTH","A","2010",3.262802,
"IRL","MFP","TOT","AGRWTH","A","2011",0.659777,
"IRL","MFP","TOT","AGRWTH","A","2012",-1.268319,
"IRL","MFP","TOT","AGRWTH","A","2013",-2.904819,
"IRL","MFP","TOT","AGRWTH","A","2014",4.248357,
"IRL","MFP","TOT","AGRWTH","A","2016",-5.508843,
"IRL","MFP","TOT","AGRWTH","A","2017",2.531745,
"IRL","MFP","TOT","AGRWTH","A","2018",3.716079,
"IRL","MFP","TOT","AGRWTH","A","2019",-5.319791,
"IRL","MFP","TOT","AGRWTH","A","2020",4.919127,
"IRL","MFP","TOT","AGRWTH","A","2021",8.63368,
"IRL","MFP","TOT","AGRWTH","A","2022",6.750133,
"ITA","MFP","TOT","AGRWTH","A","1985",1.221393,
"ITA","MFP","TOT","AGRWTH","A","1986",0.880353,
"ITA","MFP","TOT","AGRWTH","A","1987",1.03791,
"ITA","MFP","TOT","AGRWTH","A","1988",1.895579,
"ITA","MFP","TOT","AGRWTH","A","1989",2.244504,
"ITA","MFP","TOT","AGRWTH","A","1990",0.121034,
"ITA","MFP","TOT","AGRWTH","A","1991",-0.543219,
"ITA","MFP","TOT","AGRWTH","A","1992",0.415533,
"ITA","MFP","TOT","AGRWTH","A","1993",0.675454,
"ITA","MFP","TOT","AGRWTH","A","1994",3.040889,
"ITA","MFP","TOT","AGRWTH","A","1995",2.192035,
"ITA","MFP","TOT","AGRWTH","A","1996",-0.377318,
"ITA","MFP","TOT","AGRWTH","A","1997",0.985545,
"ITA","MFP","TOT","AGRWTH","A","1998",-0.381401,
"ITA","MFP","TOT","AGRWTH","A","1999",-0.041283,
"ITA","MFP","TOT","AGRWTH","A","2000",1.969217,
"ITA","MFP","TOT","AGRWTH","A","2001",-0.04775,
"ITA","MFP","TOT","AGRWTH","A","2002",-1.554329,
"ITA","MFP","TOT","AGRWTH","A","2003",-1.316958,
"ITA","MFP","TOT","AGRWTH","A","2004",0.249879,
"ITA","MFP","TOT","AGRWTH","A","2005",-0.158936,
"ITA","MFP","TOT","AGRWTH","A","2006",-0.389676,
"ITA","MFP","TOT","AGRWTH","A","2007",-0.389752,
"ITA","MFP","TOT","AGRWTH","A","2008",-1.273435,
"ITA","MFP","TOT","AGRWTH","A","2009",-3.301557,
"ITA","MFP","TOT","AGRWTH","A","2010",1.735262,
"ITA","MFP","TOT","AGRWTH","A","2011",0.396946,
"ITA","MFP","TOT","AGRWTH","A","2012",-1.402031,
"ITA","MFP","TOT","AGRWTH","A","2013",-0.027343,
"ITA","MFP","TOT","AGRWTH","A","2014",0.04441,
"ITA","MFP","TOT","AGRWTH","A","2015",0.226651,
"ITA","MFP","TOT","AGRWTH","A","2016",0.036824,
"ITA","MFP","TOT","AGRWTH","A","2017",0.801856,
"ITA","MFP","TOT","AGRWTH","A","2018",0.101561,
"ITA","MFP","TOT","AGRWTH","A","2019",0.346729,
"ITA","MFP","TOT","AGRWTH","A","2020",-0.602448,
"ITA","MFP","TOT","AGRWTH","A","2021",1.092922,
"ITA","MFP","TOT","AGRWTH","A","2022",0.494067,
"JPN","MFP","TOT","AGRWTH","A","1985",3.339234,
"JPN","MFP","TOT","AGRWTH","A","1986",0.925614,
"JPN","MFP","TOT","AGRWTH","A","1987",2.487345,
"JPN","MFP","TOT","AGRWTH","A","1988",3.761776,
"JPN","MFP","TOT","AGRWTH","A","1989",2.409993,
"JPN","MFP","TOT","AGRWTH","A","1990",2.83399,
"JPN","MFP","TOT","AGRWTH","A","1991",1.146424,
"JPN","MFP","TOT","AGRWTH","A","1992",-0.452734,
"JPN","MFP","TOT","AGRWTH","A","1993",0.003781,
"JPN","MFP","TOT","AGRWTH","A","1994",0.01506,
"JPN","MFP","TOT","AGRWTH","A","1995",1.558702,
"JPN","MFP","TOT","AGRWTH","A","1996",1.241579,
"JPN","MFP","TOT","AGRWTH","A","1997",0.025365,
"JPN","MFP","TOT","AGRWTH","A","1998",-0.915944,
"JPN","MFP","TOT","AGRWTH","A","1999",0.550202,
"JPN","MFP","TOT","AGRWTH","A","2000",1.645313,
"JPN","MFP","TOT","AGRWTH","A","2001",0.041626,
"JPN","MFP","TOT","AGRWTH","A","2002",0.463635,
"JPN","MFP","TOT","AGRWTH","A","2003",0.778915,
"JPN","MFP","TOT","AGRWTH","A","2004",1.703314,
"JPN","MFP","TOT","AGRWTH","A","2005",0.921908,
"JPN","MFP","TOT","AGRWTH","A","2006",-0.052504,
"JPN","MFP","TOT","AGRWTH","A","2007",0.390108,
"JPN","MFP","TOT","AGRWTH","A","2008",-1.036141,
"JPN","MFP","TOT","AGRWTH","A","2009",-2.973357,
"JPN","MFP","TOT","AGRWTH","A","2010",3.275874,
"JPN","MFP","TOT","AGRWTH","A","2011",0.371614,
"JPN","MFP","TOT","AGRWTH","A","2012",1.041483,
"JPN","MFP","TOT","AGRWTH","A","2013",1.940137,
"JPN","MFP","TOT","AGRWTH","A","2014",-0.054931,
"JPN","MFP","TOT","AGRWTH","A","2015",1.507958,
"JPN","MFP","TOT","AGRWTH","A","2016",0.048741,
"JPN","MFP","TOT","AGRWTH","A","2017",0.893808,
"JPN","MFP","TOT","AGRWTH","A","2018",0.376783,
"JPN","MFP","TOT","AGRWTH","A","2019",0.217693,
"JPN","MFP","TOT","AGRWTH","A","2020",-2.122607,
"JPN","MFP","TOT","AGRWTH","A","2021",1.582038,
"JPN","MFP","TOT","AGRWTH","A","2022",0.732359,
"KOR","MFP","TOT","AGRWTH","A","1990",5.750934,
"KOR","MFP","TOT","AGRWTH","A","1991",5.503134,
"KOR","MFP","TOT","AGRWTH","A","1992",2.532154,
"KOR","MFP","TOT","AGRWTH","A","1993",2.751757,
"KOR","MFP","TOT","AGRWTH","A","1994",4.056494,
"KOR","MFP","TOT","AGRWTH","A","1995",3.840811,
"KOR","MFP","TOT","AGRWTH","A","1996",3.465793,
"KOR","MFP","TOT","AGRWTH","A","1997",3.889817,
"KOR","MFP","TOT","AGRWTH","A","1998",0.809136,
"KOR","MFP","TOT","AGRWTH","A","1999",7.311485,
"KOR","MFP","TOT","AGRWTH","A","2000",2.487049,
"KOR","MFP","TOT","AGRWTH","A","2001",1.540566,
"KOR","MFP","TOT","AGRWTH","A","2002",4.68606,
"KOR","MFP","TOT","AGRWTH","A","2003",2.48398,
"KOR","MFP","TOT","AGRWTH","A","2004",3.091656,
"KOR","MFP","TOT","AGRWTH","A","2005",3.082357,
"KOR","MFP","TOT","AGRWTH","A","2006",2.958597,
"KOR","MFP","TOT","AGRWTH","A","2007",4.53197,
"KOR","MFP","TOT","AGRWTH","A","2008",3.534109,
"KOR","MFP","TOT","AGRWTH","A","2009",1.564445,
"KOR","MFP","TOT","AGRWTH","A","2010",4.646794,
"KOR","MFP","TOT","AGRWTH","A","2011",1.639372,
"KOR","MFP","TOT","AGRWTH","A","2012",0.293368,
"KOR","MFP","TOT","AGRWTH","A","2013",1.228421,
"KOR","MFP","TOT","AGRWTH","A","2014",1.17081,
"KOR","MFP","TOT","AGRWTH","A","2015",0.451365,
"KOR","MFP","TOT","AGRWTH","A","2016",1.504316,
"KOR","MFP","TOT","AGRWTH","A","2017",2.57732,
"KOR","MFP","TOT","AGRWTH","A","2018",2.267928,
"KOR","MFP","TOT","AGRWTH","A","2019",1.313795,
"KOR","MFP","TOT","AGRWTH","A","2020",0.913839,
"KOR","MFP","TOT","AGRWTH","A","2021",1.894347,
"KOR","MFP","TOT","AGRWTH","A","2022",-0.252973,
"NLD","MFP","TOT","AGRWTH","A","1985",1.040509,
"NLD","MFP","TOT","AGRWTH","A","1986",0.721255,
"NLD","MFP","TOT","AGRWTH","A","1987",0.434996,
"NLD","MFP","TOT","AGRWTH","A","1988",1.281809,
"NLD","MFP","TOT","AGRWTH","A","1989",1.56664,
"NLD","MFP","TOT","AGRWTH","A","1990",1.022904,
"NLD","MFP","TOT","AGRWTH","A","1991",0.491455,
"NLD","MFP","TOT","AGRWTH","A","1992",-0.588466,
"NLD","MFP","TOT","AGRWTH","A","1993",0.782542,
"NLD","MFP","TOT","AGRWTH","A","1994",1.425552,
"NLD","MFP","TOT","AGRWTH","A","1995",-0.892563,
"NLD","MFP","TOT","AGRWTH","A","1996",0.384759,
"NLD","MFP","TOT","AGRWTH","A","1997",1.796423,
"NLD","MFP","TOT","AGRWTH","A","1998",1.767738,
"NLD","MFP","TOT","AGRWTH","A","1999",1.476625,
"NLD","MFP","TOT","AGRWTH","A","2000",2.183647,
"NLD","MFP","TOT","AGRWTH","A","2001",0.295642,
"NLD","MFP","TOT","AGRWTH","A","2002",-0.105288,
"NLD","MFP","TOT","AGRWTH","A","2003",0.401301,
"NLD","MFP","TOT","AGRWTH","A","2004",1.161967,
"NLD","MFP","TOT","AGRWTH","A","2005",1.581355,
"NLD","MFP","TOT","AGRWTH","A","2006",1.136617,
"NLD","MFP","TOT","AGRWTH","A","2007",0.250373,
"NLD","MFP","TOT","AGRWTH","A","2008",0.12098,
"NLD","MFP","TOT","AGRWTH","A","2009",-3.168168,
"NLD","MFP","TOT","AGRWTH","A","2010",1.445642,
"NLD","MFP","TOT","AGRWTH","A","2011",0.382717,
"NLD","MFP","TOT","AGRWTH","A","2012",-0.802841,
"NLD","MFP","TOT","AGRWTH","A","2013",-0.062331,
"NLD","MFP","TOT","AGRWTH","A","2014",0.605828,
"NLD","MFP","TOT","AGRWTH","A","2015",-0.260788,
"NLD","MFP","TOT","AGRWTH","A","2016",0.053127,
"NLD","MFP","TOT","AGRWTH","A","2017",0.821797,
"NLD","MFP","TOT","AGRWTH","A","2018",0.072986,
"NLD","MFP","TOT","AGRWTH","A","2019",-0.425246,
"NLD","MFP","TOT","AGRWTH","A","2020",-2.221569,
"NLD","MFP","TOT","AGRWTH","A","2021",1.987792,
"NLD","MFP","TOT","AGRWTH","A","2022",1.072948,
"NZL","MFP","TOT","AGRWTH","A","1987",-0.147359,
"NZL","MFP","TOT","AGRWTH","A","1988",3.075793,
"NZL","MFP","TOT","AGRWTH","A","1989",1.673663,
"NZL","MFP","TOT","AGRWTH","A","1990",1.481574,
"NZL","MFP","TOT","AGRWTH","A","1991",-2.142273,
"NZL","MFP","TOT","AGRWTH","A","1992",2.490808,
"NZL","MFP","TOT","AGRWTH","A","1993",2.907414,
"NZL","MFP","TOT","AGRWTH","A","1994",1.042396,
"NZL","MFP","TOT","AGRWTH","A","1995",0.62411,
"NZL","MFP","TOT","AGRWTH","A","1996",0.093234,
"NZL","MFP","TOT","AGRWTH","A","1997",2.051429,
"NZL","MFP","TOT","AGRWTH","A","1998",-1.976722,
"NZL","MFP","TOT","AGRWTH","A","1999",1.068417,
"NZL","MFP","TOT","AGRWTH","A","2000",1.510126,
"NZL","MFP","TOT","AGRWTH","A","2001",1.119089,
"NZL","MFP","TOT","AGRWTH","A","2002",1.554534,
"NZL","MFP","TOT","AGRWTH","A","2003",1.02396,
"NZL","MFP","TOT","AGRWTH","A","2004",-1.075239,
"NZL","MFP","TOT","AGRWTH","A","2005",-1.045636,
"NZL","MFP","TOT","AGRWTH","A","2006",0.081752,
"NZL","MFP","TOT","AGRWTH","A","2007",2.353846,
"NZL","MFP","TOT","AGRWTH","A","2008",-4.013962,
"NZL","MFP","TOT","AGRWTH","A","2009",3.364007,
"NZL","MFP","TOT","AGRWTH","A","2010",-1.377693,
"NZL","MFP","TOT","AGRWTH","A","2011",0.991882,
"NZL","MFP","TOT","AGRWTH","A","2012",2.325689,
"NZL","MFP","TOT","AGRWTH","A","2013",-2.088195,
"NZL","MFP","TOT","AGRWTH","A","2014",-0.222186,
"NZL","MFP","TOT","AGRWTH","A","2015",1.757181,
"NZL","MFP","TOT","AGRWTH","A","2016",-0.575674,
"NZL","MFP","TOT","AGRWTH","A","2017",0.196603,
"NZL","MFP","TOT","AGRWTH","A","2018",1.592828,
"NZL","MFP","TOT","AGRWTH","A","2019",-1.022034,
"NZL","MFP","TOT","AGRWTH","A","2020",0.326171,
"NZL","MFP","TOT","AGRWTH","A","2021",1.578676,
"NZL","MFP","TOT","AGRWTH","A","2022",-1.278205,
"PRT","MFP","TOT","AGRWTH","A","1985",3.032413,
"PRT","MFP","TOT","AGRWTH","A","1986",3.933416,
"PRT","MFP","TOT","AGRWTH","A","1987",3.035122,
"PRT","MFP","TOT","AGRWTH","A","1988",4.627314,
"PRT","MFP","TOT","AGRWTH","A","1989",3.080346,
"PRT","MFP","TOT","AGRWTH","A","1990",1.614471,
"PRT","MFP","TOT","AGRWTH","A","1991",3.473985,
"PRT","MFP","TOT","AGRWTH","A","1992",1.482454,
"PRT","MFP","TOT","AGRWTH","A","1993",-1.618792,
"PRT","MFP","TOT","AGRWTH","A","1994",-0.383287,
"PRT","MFP","TOT","AGRWTH","A","1995",0.963987,
"PRT","MFP","TOT","AGRWTH","A","1996",0.976335,
"PRT","MFP","TOT","AGRWTH","A","1997",1.127686,
"PRT","MFP","TOT","AGRWTH","A","1998",0.178101,
"PRT","MFP","TOT","AGRWTH","A","1999",0.74966,
"PRT","MFP","TOT","AGRWTH","A","2000",-0.151849,
"PRT","MFP","TOT","AGRWTH","A","2001",-0.427893,
"PRT","MFP","TOT","AGRWTH","A","2002",-0.71376,
"PRT","MFP","TOT","AGRWTH","A","2003",-1.186443,
"PRT","MFP","TOT","AGRWTH","A","2004",0.843259,
"PRT","MFP","TOT","AGRWTH","A","2005",-0.111415,
"PRT","MFP","TOT","AGRWTH","A","2006",0.658134,
"PRT","MFP","TOT","AGRWTH","A","2007",0.568576,
"PRT","MFP","TOT","AGRWTH","A","2008",-0.733395,
"PRT","MFP","TOT","AGRWTH","A","2009",-2.217183,
"PRT","MFP","TOT","AGRWTH","A","2010",1.613434,
"PRT","MFP","TOT","AGRWTH","A","2011",-0.145128,
"PRT","MFP","TOT","AGRWTH","A","2012",-0.923545,
"PRT","MFP","TOT","AGRWTH","A","2013",0.493534,
"PRT","MFP","TOT","AGRWTH","A","2014",-0.687525,
"PRT","MFP","TOT","AGRWTH","A","2015",0.235972,
"PRT","MFP","TOT","AGRWTH","A","2016",0.333494,
"PRT","MFP","TOT","AGRWTH","A","2017",1.050096,
"PRT","MFP","TOT","AGRWTH","A","2018",0.078092,
"PRT","MFP","TOT","AGRWTH","A","2019",1.124462,
"PRT","MFP","TOT","AGRWTH","A","2020",-1.933094,
"PRT","MFP","TOT","AGRWTH","A","2021",1.341218,
"PRT","MFP","TOT","AGRWTH","A","2022",4.827487,
"ESP","MFP","TOT","AGRWTH","A","1985",2.848258,
"ESP","MFP","TOT","AGRWTH","A","1986",0.98432,
"ESP","MFP","TOT","AGRWTH","A","1987",1.133482,
"ESP","MFP","TOT","AGRWTH","A","1988",1.253138,
"ESP","MFP","TOT","AGRWTH","A","1989",1.033768,
"ESP","MFP","TOT","AGRWTH","A","1990",-0.649083,
"ESP","MFP","TOT","AGRWTH","A","1991",-0.116232,
"ESP","MFP","TOT","AGRWTH","A","1992",1.248504,
"ESP","MFP","TOT","AGRWTH","A","1993",0.821605,
"ESP","MFP","TOT","AGRWTH","A","1994",1.990975,
"ESP","MFP","TOT","AGRWTH","A","1995",0.341933,
"ESP","MFP","TOT","AGRWTH","A","1996",0.492506,
"ESP","MFP","TOT","AGRWTH","A","1997",-0.360227,
"ESP","MFP","TOT","AGRWTH","A","1998",-0.624191,
"ESP","MFP","TOT","AGRWTH","A","1999",-0.655946,
"ESP","MFP","TOT","AGRWTH","A","2000",0.168448,
"ESP","MFP","TOT","AGRWTH","A","2001",-0.29227,
"ESP","MFP","TOT","AGRWTH","A","2002",-0.479362,
"ESP","MFP","TOT","AGRWTH","A","2003",-0.350812,
"ESP","MFP","TOT","AGRWTH","A","2004",-0.295093,
"ESP","MFP","TOT","AGRWTH","A","2005",-0.155233,
"ESP","MFP","TOT","AGRWTH","A","2006",-0.005988,
"ESP","MFP","TOT","AGRWTH","A","2007",0.168893,
"ESP","MFP","TOT","AGRWTH","A","2008",-1.047592,
"ESP","MFP","TOT","AGRWTH","A","2009",-0.306955,
"ESP","MFP","TOT","AGRWTH","A","2010",0.858704,
"ESP","MFP","TOT","AGRWTH","A","2011",-0.025215,
"ESP","MFP","TOT","AGRWTH","A","2012",-0.289675,
"ESP","MFP","TOT","AGRWTH","A","2013",0.006957,
"ESP","MFP","TOT","AGRWTH","A","2014",0.157427,
"ESP","MFP","TOT","AGRWTH","A","2015",1.122521,
"ESP","MFP","TOT","AGRWTH","A","2016",0.671266,
"ESP","MFP","TOT","AGRWTH","A","2017",0.939345,
"ESP","MFP","TOT","AGRWTH","A","2018",-0.021809,
"ESP","MFP","TOT","AGRWTH","A","2019",0.470284,
"ESP","MFP","TOT","AGRWTH","A","2020",-3.271219,
"ESP","MFP","TOT","AGRWTH","A","2021",-0.031494,
"ESP","MFP","TOT","AGRWTH","A","2022",1.974979,
"SWE","MFP","TOT","AGRWTH","A","1985",-0.302652,
"SWE","MFP","TOT","AGRWTH","A","1986",0.852899,
"SWE","MFP","TOT","AGRWTH","A","1987",0.73656,
"SWE","MFP","TOT","AGRWTH","A","1988",-0.914767,
"SWE","MFP","TOT","AGRWTH","A","1989",-0.150353,
"SWE","MFP","TOT","AGRWTH","A","1990",-1.306381,
"SWE","MFP","TOT","AGRWTH","A","1991",-0.692036,
"SWE","MFP","TOT","AGRWTH","A","1992",0.267471,
"SWE","MFP","TOT","AGRWTH","A","1993",-0.050377,
"SWE","MFP","TOT","AGRWTH","A","1994",1.931865,
"SWE","MFP","TOT","AGRWTH","A","1995",1.385225,
"SWE","MFP","TOT","AGRWTH","A","1996",0.395213,
"SWE","MFP","TOT","AGRWTH","A","1997",2.490038,
"SWE","MFP","TOT","AGRWTH","A","1998",1.549665,
"SWE","MFP","TOT","AGRWTH","A","1999",0.633431,
"SWE","MFP","TOT","AGRWTH","A","2000",2.017637,
"SWE","MFP","TOT","AGRWTH","A","2001",-0.483218,
"SWE","MFP","TOT","AGRWTH","A","2002",2.103121,
"SWE","MFP","TOT","AGRWTH","A","2003",2.117392,
"SWE","MFP","TOT","AGRWTH","A","2004",2.581963,
"SWE","MFP","TOT","AGRWTH","A","2005",1.593206,
"SWE","MFP","TOT","AGRWTH","A","2006",2.137393,
"SWE","MFP","TOT","AGRWTH","A","2007",-0.007278,
"SWE","MFP","TOT","AGRWTH","A","2008",-2.514448,
"SWE","MFP","TOT","AGRWTH","A","2009",-2.846907,
"SWE","MFP","TOT","AGRWTH","A","2010",3.564001,
"SWE","MFP","TOT","AGRWTH","A","2011",0.720387,
"SWE","MFP","TOT","AGRWTH","A","2012",-1.229045,
"SWE","MFP","TOT","AGRWTH","A","2013",0.251858,
"SWE","MFP","TOT","AGRWTH","A","2014",0.881227,
"SWE","MFP","TOT","AGRWTH","A","2015",2.265145,
"SWE","MFP","TOT","AGRWTH","A","2016",-0.761406,
"SWE","MFP","TOT","AGRWTH","A","2017",0.206195,
"SWE","MFP","TOT","AGRWTH","A","2018",-0.172076,
"SWE","MFP","TOT","AGRWTH","A","2019",1.322614,
"SWE","MFP","TOT","AGRWTH","A","2020",-0.895357,
"SWE","MFP","TOT","AGRWTH","A","2021",2.243345,
"SWE","MFP","TOT","AGRWTH","A","2022",-0.380809,
"CHE","MFP","TOT","AGRWTH","A","1992",-0.730318,
"CHE","MFP","TOT","AGRWTH","A","1993",-0.566165,
"CHE","MFP","TOT","AGRWTH","A","1994",-0.238709,
"CHE","MFP","TOT","AGRWTH","A","1995",0.131787,
"CHE","MFP","TOT","AGRWTH","A","1996",0.452854,
"CHE","MFP","TOT","AGRWTH","A","1997",1.456284,
"CHE","MFP","TOT","AGRWTH","A","1998",0.173351,
"CHE","MFP","TOT","AGRWTH","A","1999",-1.456574,
"CHE","MFP","TOT","AGRWTH","A","2000",1.839934,
"CHE","MFP","TOT","AGRWTH","A","2001",0.67548,
"CHE","MFP","TOT","AGRWTH","A","2002",-0.958126,
"CHE","MFP","TOT","AGRWTH","A","2003",-1.346952,
"CHE","MFP","TOT","AGRWTH","A","2004",0.140147,
"CHE","MFP","TOT","AGRWTH","A","2005",1.361001,
"CHE","MFP","TOT","AGRWTH","A","2006",1.715295,
"CHE","MFP","TOT","AGRWTH","A","2007",1.071777,
"CHE","MFP","TOT","AGRWTH","A","2008",0.196791,
"CHE","MFP","TOT","AGRWTH","A","2009",-3.172886,
"CHE","MFP","TOT","AGRWTH","A","2010",2.047011,
"CHE","MFP","TOT","AGRWTH","A","2011",-0.59897,
"CHE","MFP","TOT","AGRWTH","A","2012",-0.249626,
"CHE","MFP","TOT","AGRWTH","A","2013",1.032758,
"CHE","MFP","TOT","AGRWTH","A","2014",0.64913,
"CHE","MFP","TOT","AGRWTH","A","2015",-0.711165,
"CHE","MFP","TOT","AGRWTH","A","2016",0.371097,
"CHE","MFP","TOT","AGRWTH","A","2017",0.761449,
"CHE","MFP","TOT","AGRWTH","A","2018",1.821837,
"CHE","MFP","TOT","AGRWTH","A","2019",0.149248,
"CHE","MFP","TOT","AGRWTH","A","2020",-0.286453,
"CHE","MFP","TOT","AGRWTH","A","2021",1.518376,
"CHE","MFP","TOT","AGRWTH","A","2022",0.340347,
"GBR","MFP","TOT","AGRWTH","A","1985",0.969677,
"GBR","MFP","TOT","AGRWTH","A","1986",1.875155,
"GBR","MFP","TOT","AGRWTH","A","1987",3.003974,
"GBR","MFP","TOT","AGRWTH","A","1988",-0.104111,
"GBR","MFP","TOT","AGRWTH","A","1989",-0.516708,
"GBR","MFP","TOT","AGRWTH","A","1990",-0.565719,
"GBR","MFP","TOT","AGRWTH","A","1991",-0.426512,
"GBR","MFP","TOT","AGRWTH","A","1992",1.778891,
"GBR","MFP","TOT","AGRWTH","A","1993",1.965832,
"GBR","MFP","TOT","AGRWTH","A","1994",1.3788,
"GBR","MFP","TOT","AGRWTH","A","1995",0.42299,
"GBR","MFP","TOT","AGRWTH","A","1996",0.265005,
"GBR","MFP","TOT","AGRWTH","A","1997",2.815458,
"GBR","MFP","TOT","AGRWTH","A","1998",2.175952,
"GBR","MFP","TOT","AGRWTH","A","1999",1.95593,
"GBR","MFP","TOT","AGRWTH","A","2000",3.141406,
"GBR","MFP","TOT","AGRWTH","A","2001",0.596498,
"GBR","MFP","TOT","AGRWTH","A","2002",1.479806,
"GBR","MFP","TOT","AGRWTH","A","2003",2.20731,
"GBR","MFP","TOT","AGRWTH","A","2004",0.97792,
"GBR","MFP","TOT","AGRWTH","A","2005",0.646262,
"GBR","MFP","TOT","AGRWTH","A","2006",1.156201,
"GBR","MFP","TOT","AGRWTH","A","2007",0.967947,
"GBR","MFP","TOT","AGRWTH","A","2008",-0.626901,
"GBR","MFP","TOT","AGRWTH","A","2009",-3.437495,
"GBR","MFP","TOT","AGRWTH","A","2010",2.024623,
"GBR","MFP","TOT","AGRWTH","A","2011",-0.336232,
"GBR","MFP","TOT","AGRWTH","A","2012",-0.765985,
"GBR","MFP","TOT","AGRWTH","A","2013",0.223921,
"GBR","MFP","TOT","AGRWTH","A","2014",0.298903,
"GBR","MFP","TOT","AGRWTH","A","2015",1.29331,
"GBR","MFP","TOT","AGRWTH","A","2016",-0.454261,
"GBR","MFP","TOT","AGRWTH","A","2017",1.328439,
"GBR","MFP","TOT","AGRWTH","A","2018",0.164769,
"GBR","MFP","TOT","AGRWTH","A","2019",0.177007,
"GBR","MFP","TOT","AGRWTH","A","2020",-2.224671,
"GBR","MFP","TOT","AGRWTH","A","2021",-0.008942,
"GBR","MFP","TOT","AGRWTH","A","2022",0.935983,
"USA","MFP","TOT","AGRWTH","A","1985",0.920835,
"USA","MFP","TOT","AGRWTH","A","1986",1.199397,
"USA","MFP","TOT","AGRWTH","A","1987",0.190747,
"USA","MFP","TOT","AGRWTH","A","1988",0.764043,
"USA","MFP","TOT","AGRWTH","A","1989",0.418399,
"USA","MFP","TOT","AGRWTH","A","1990",0.65743,
"USA","MFP","TOT","AGRWTH","A","1991",0.025836,
"USA","MFP","TOT","AGRWTH","A","1992",2.535411,
"USA","MFP","TOT","AGRWTH","A","1993",0.127768,
"USA","MFP","TOT","AGRWTH","A","1994",0.757721,
"USA","MFP","TOT","AGRWTH","A","1995",-0.180562,
"USA","MFP","TOT","AGRWTH","A","1996",1.574352,
"USA","MFP","TOT","AGRWTH","A","1997",0.734817,
"USA","MFP","TOT","AGRWTH","A","1998",1.165432,
"USA","MFP","TOT","AGRWTH","A","1999",1.640202,
"USA","MFP","TOT","AGRWTH","A","2000",1.421319,
"USA","MFP","TOT","AGRWTH","A","2001",0.655844,
"USA","MFP","TOT","AGRWTH","A","2002",1.57142,
"USA","MFP","TOT","AGRWTH","A","2003",2.088226,
"USA","MFP","TOT","AGRWTH","A","2004",1.96088,
"USA","MFP","TOT","AGRWTH","A","2005",1.394929,
"USA","MFP","TOT","AGRWTH","A","2006",0.297324,
"USA","MFP","TOT","AGRWTH","A","2007",0.489338,
"USA","MFP","TOT","AGRWTH","A","2008",0.083377,
"USA","MFP","TOT","AGRWTH","A","2009",1.066127,
"USA","MFP","TOT","AGRWTH","A","2010",1.991614,
"USA","MFP","TOT","AGRWTH","A","2011",-0.230046,
"USA","MFP","TOT","AGRWTH","A","2012",0.136925,
"USA","MFP","TOT","AGRWTH","A","2013",0.063385,
"USA","MFP","TOT","AGRWTH","A","2014",0.134787,
"USA","MFP","TOT","AGRWTH","A","2015",0.428868,
"USA","MFP","TOT","AGRWTH","A","2016",-0.016048,
"USA","MFP","TOT","AGRWTH","A","2017",0.518805,
"USA","MFP","TOT","AGRWTH","A","2018",0.771806,
"USA","MFP","TOT","AGRWTH","A","2019",0.681843,
"USA","MFP","TOT","AGRWTH","A","2020",1.068765,
"USA","MFP","TOT","AGRWTH","A","2021",1.571358,
"USA","MFP","TOT","AGRWTH","A","2022",-1.180009,
"GRC","MFP","TOT","AGRWTH","A","1990",-0.751182,
"GRC","MFP","TOT","AGRWTH","A","1991",2.695366,
"GRC","MFP","TOT","AGRWTH","A","1992",-1.993077,
"GRC","MFP","TOT","AGRWTH","A","1993",-3.543054,
"GRC","MFP","TOT","AGRWTH","A","1994",1.161032,
"GRC","MFP","TOT","AGRWTH","A","1995",1.379946,
"GRC","MFP","TOT","AGRWTH","A","1996",2.351215,
"GRC","MFP","TOT","AGRWTH","A","1997",3.605682,
"GRC","MFP","TOT","AGRWTH","A","1998",-0.994038,
"GRC","MFP","TOT","AGRWTH","A","1999",1.510937,
"GRC","MFP","TOT","AGRWTH","A","2000",1.792934,
"GRC","MFP","TOT","AGRWTH","A","2001",2.266933,
"GRC","MFP","TOT","AGRWTH","A","2002",0.692515,
"GRC","MFP","TOT","AGRWTH","A","2003",2.921727,
"GRC","MFP","TOT","AGRWTH","A","2004",2.020331,
"GRC","MFP","TOT","AGRWTH","A","2005",-3.059944,
"GRC","MFP","TOT","AGRWTH","A","2006",3.090581,
"GRC","MFP","TOT","AGRWTH","A","2007",0.946243,
"GRC","MFP","TOT","AGRWTH","A","2008",-2.675443,
"GRC","MFP","TOT","AGRWTH","A","2009",-4.21959,
"GRC","MFP","TOT","AGRWTH","A","2010",-2.994965,
"GRC","MFP","TOT","AGRWTH","A","2011",-8.274133,
"GRC","MFP","TOT","AGRWTH","A","2012",-5.470347,
"GRC","MFP","TOT","AGRWTH","A","2013",-1.496204,
"GRC","MFP","TOT","AGRWTH","A","2014",0.853871,
"GRC","MFP","TOT","AGRWTH","A","2015",3.283389,
"GRC","MFP","TOT","AGRWTH","A","2016",-2.373407,
"GRC","MFP","TOT","AGRWTH","A","2017",1.73602,
"GRC","MFP","TOT","AGRWTH","A","2018",-1.705444,
"GRC","MFP","TOT","AGRWTH","A","2019",2.236849,
"GRC","MFP","TOT","AGRWTH","A","2020",-0.396034,
"GRC","MFP","TOT","AGRWTH","A","2021",1.077951,
"GRC","MFP","TOT","AGRWTH","A","2022",1.391831,
"LUX","MFP","TOT","AGRWTH","A","1996",-0.41911,
"LUX","MFP","TOT","AGRWTH","A","1997",0.965814,
"LUX","MFP","TOT","AGRWTH","A","1998",1.851681,
"LUX","MFP","TOT","AGRWTH","A","1999",2.536667,
"LUX","MFP","TOT","AGRWTH","A","2000",0.78998,
"LUX","MFP","TOT","AGRWTH","A","2001",-2.365748,
"LUX","MFP","TOT","AGRWTH","A","2002",0.245929,
"LUX","MFP","TOT","AGRWTH","A","2003",0.225291,
"LUX","MFP","TOT","AGRWTH","A","2004",1.277102,
"LUX","MFP","TOT","AGRWTH","A","2005",0.515296,
"LUX","MFP","TOT","AGRWTH","A","2006",2.09039,
"LUX","MFP","TOT","AGRWTH","A","2007",2.620682,
"LUX","MFP","TOT","AGRWTH","A","2008",-5.243819,
"LUX","MFP","TOT","AGRWTH","A","2009",-1.57745,
"LUX","MFP","TOT","AGRWTH","A","2010",1.30581,
"LUX","MFP","TOT","AGRWTH","A","2011",-2.211435,
"LUX","MFP","TOT","AGRWTH","A","2012",-1.052649,
"LUX","MFP","TOT","AGRWTH","A","2013",1.176735,
"LUX","MFP","TOT","AGRWTH","A","2014",-0.613787,
"LUX","MFP","TOT","AGRWTH","A","2015",-0.813594,
"LUX","MFP","TOT","AGRWTH","A","2016",1.962637,
"LUX","MFP","TOT","AGRWTH","A","2017",-1.682978,
"LUX","MFP","TOT","AGRWTH","A","2018",-1.707178,
"LUX","MFP","TOT","AGRWTH","A","2019",-0.747677,
"LUX","MFP","TOT","AGRWTH","A","2020",2.189827,
"LUX","MFP","TOT","AGRWTH","A","2021",-1.455328,
"LUX","MFP","TOT","AGRWTH","A","2022",-2.058823,
"NOR","MFP","TOT","AGRWTH","A","1990",2.550207,
"NOR","MFP","TOT","AGRWTH","A","1991",3.528852,
"NOR","MFP","TOT","AGRWTH","A","1992",3.124167,
"NOR","MFP","TOT","AGRWTH","A","1993",2.256711,
"NOR","MFP","TOT","AGRWTH","A","1994",3.74443,
"NOR","MFP","TOT","AGRWTH","A","1995",2.980071,
"NOR","MFP","TOT","AGRWTH","A","1996",3.003306,
"NOR","MFP","TOT","AGRWTH","A","1997",2.163218,
"NOR","MFP","TOT","AGRWTH","A","1998",-0.580012,
"NOR","MFP","TOT","AGRWTH","A","1999",0.202288,
"NOR","MFP","TOT","AGRWTH","A","2000",2.590951,
"NOR","MFP","TOT","AGRWTH","A","2001",2.118026,
"NOR","MFP","TOT","AGRWTH","A","2002",0.916287,
"NOR","MFP","TOT","AGRWTH","A","2003",1.740652,
"NOR","MFP","TOT","AGRWTH","A","2004",1.472368,
"NOR","MFP","TOT","AGRWTH","A","2005",0.477254,
"NOR","MFP","TOT","AGRWTH","A","2006",-1.070654,
"NOR","MFP","TOT","AGRWTH","A","2007",-2.059097,
"NOR","MFP","TOT","AGRWTH","A","2008",-3.691691,
"NOR","MFP","TOT","AGRWTH","A","2009",-1.572711,
"NOR","MFP","TOT","AGRWTH","A","2010",-0.328584,
"NOR","MFP","TOT","AGRWTH","A","2011",-1.049458,
"NOR","MFP","TOT","AGRWTH","A","2012",0.60162,
"NOR","MFP","TOT","AGRWTH","A","2013",-0.087336,
"NOR","MFP","TOT","AGRWTH","A","2014",0.428955,
"NOR","MFP","TOT","AGRWTH","A","2015",0.904997,
"NOR","MFP","TOT","AGRWTH","A","2016",0.162466,
"NOR","MFP","TOT","AGRWTH","A","2017",1.424217,
"NOR","MFP","TOT","AGRWTH","A","2018",-1.118706,
"NOR","MFP","TOT","AGRWTH","A","2019",-0.96819,
"NOR","MFP","TOT","AGRWTH","A","2020",-0.559786,
"NOR","MFP","TOT","AGRWTH","A","2021",1.322255,
"NOR","MFP","TOT","AGRWTH","A","2022",-0.415218,
"AUS","MFP","TOT","IDX2015","A","1985",82.52744,
"AUS","MFP","TOT","IDX2015","A","1986",81.921422,
"AUS","MFP","TOT","IDX2015","A","1987",83.229791,
"AUS","MFP","TOT","IDX2015","A","1988",82.648545,
"AUS","MFP","TOT","IDX2015","A","1989",82.398953,
"AUS","MFP","TOT","IDX2015","A","1990",82.19758,
"AUS","MFP","TOT","IDX2015","A","1991",82.782415,
"AUS","MFP","TOT","IDX2015","A","1992",84.671154,
"AUS","MFP","TOT","IDX2015","A","1993",84.976896,
"AUS","MFP","TOT","IDX2015","A","1994",85.106087,
"AUS","MFP","TOT","IDX2015","A","1995",86.818922,
"AUS","MFP","TOT","IDX2015","A","1996",88.830447,
"AUS","MFP","TOT","IDX2015","A","1997",90.893818,
"AUS","MFP","TOT","IDX2015","A","1998",93.031778,
"AUS","MFP","TOT","IDX2015","A","1999",93.388451,
"AUS","MFP","TOT","IDX2015","A","2000",93.487237,
"AUS","MFP","TOT","IDX2015","A","2001",95.71424,
"AUS","MFP","TOT","IDX2015","A","2002",96.248617,
"AUS","MFP","TOT","IDX2015","A","2003",97.639853,
"AUS","MFP","TOT","IDX2015","A","2004",96.852636,
"AUS","MFP","TOT","IDX2015","A","2005",96.32913,
"AUS","MFP","TOT","IDX2015","A","2006",96.240525,
"AUS","MFP","TOT","IDX2015","A","2007",96.37142,
"AUS","MFP","TOT","IDX2015","A","2008",97.755947,
"AUS","MFP","TOT","IDX2015","A","2009",96.349381,
"AUS","MFP","TOT","IDX2015","A","2010",96.647139,
"AUS","MFP","TOT","IDX2015","A","2011",96.862811,
"AUS","MFP","TOT","IDX2015","A","2012",97.637247,
"AUS","MFP","TOT","IDX2015","A","2013",98.308476,
"AUS","MFP","TOT","IDX2015","A","2014",98.228466,
"AUS","MFP","TOT","IDX2015","A","2015",100,
"AUS","MFP","TOT","IDX2015","A","2016",99.806189,
"AUS","MFP","TOT","IDX2015","A","2017",100.717714,
"AUS","MFP","TOT","IDX2015","A","2018",100.704068,
"AUS","MFP","TOT","IDX2015","A","2019",101.02576,
"AUS","MFP","TOT","IDX2015","A","2020",102.457099,
"AUS","MFP","TOT","IDX2015","A","2021",103.529277,
"AUS","MFP","TOT","IDX2015","A","2022",102.917533,
"AUT","MFP","TOT","IDX2015","A","1996",88.858495,
"AUT","MFP","TOT","IDX2015","A","1997",89.109295,
"AUT","MFP","TOT","IDX2015","A","1998",91.406732,
"AUT","MFP","TOT","IDX2015","A","1999",92.352624,
"AUT","MFP","TOT","IDX2015","A","2000",93.563193,
"AUT","MFP","TOT","IDX2015","A","2001",93.516756,
"AUT","MFP","TOT","IDX2015","A","2002",94.134743,
"AUT","MFP","TOT","IDX2015","A","2003",93.909976,
"AUT","MFP","TOT","IDX2015","A","2004",95.088259,
"AUT","MFP","TOT","IDX2015","A","2005",96.604826,
"AUT","MFP","TOT","IDX2015","A","2006",98.630096,
"AUT","MFP","TOT","IDX2015","A","2007",100.586371,
"AUT","MFP","TOT","IDX2015","A","2008",100.134589,
"AUT","MFP","TOT","IDX2015","A","2009",97.973545,
"AUT","MFP","TOT","IDX2015","A","2010",98.933104,
"AUT","MFP","TOT","IDX2015","A","2011",99.598083,
"AUT","MFP","TOT","IDX2015","A","2012",99.863452,
"AUT","MFP","TOT","IDX2015","A","2013",99.561134,
"AUT","MFP","TOT","IDX2015","A","2014",99.383822,
"AUT","MFP","TOT","IDX2015","A","2015",100,
"AUT","MFP","TOT","IDX2015","A","2016",99.678641,
"AUT","MFP","TOT","IDX2015","A","2017",100.411321,
"AUT","MFP","TOT","IDX2015","A","2018",100.555899,
"AUT","MFP","TOT","IDX2015","A","2019",99.903695,
"AUT","MFP","TOT","IDX2015","A","2020",99.168515,
"AUT","MFP","TOT","IDX2015","A","2021",99.381929,
"AUT","MFP","TOT","IDX2015","A","2022",101.355668,
"BEL","MFP","TOT","IDX2015","A","1985",87.912548,
"BEL","MFP","TOT","IDX2015","A","1986",88.645703,
"BEL","MFP","TOT","IDX2015","A","1987",89.654912,
"BEL","MFP","TOT","IDX2015","A","1988",91.80493,
"BEL","MFP","TOT","IDX2015","A","1989",92.883924,
"BEL","MFP","TOT","IDX2015","A","1990",93.01431,
"BEL","MFP","TOT","IDX2015","A","1991",94.780677,
"BEL","MFP","TOT","IDX2015","A","1992",96.115289,
"BEL","MFP","TOT","IDX2015","A","1993",96.332816,
"BEL","MFP","TOT","IDX2015","A","1994",98.450466,
"BEL","MFP","TOT","IDX2015","A","1995",97.769268,
"BEL","MFP","TOT","IDX2015","A","1996",97.538722,
"BEL","MFP","TOT","IDX2015","A","1997",98.992761,
"BEL","MFP","TOT","IDX2015","A","1998",98.613652,
"BEL","MFP","TOT","IDX2015","A","1999",99.598543,
"BEL","MFP","TOT","IDX2015","A","2000",99.578993,
"BEL","MFP","TOT","IDX2015","A","2001",98.490702,
"BEL","MFP","TOT","IDX2015","A","2002",98.16462,
"BEL","MFP","TOT","IDX2015","A","2003",97.957313,
"BEL","MFP","TOT","IDX2015","A","2004",100.052372,
"BEL","MFP","TOT","IDX2015","A","2005",100.564134,
"BEL","MFP","TOT","IDX2015","A","2006",100.491002,
"BEL","MFP","TOT","IDX2015","A","2007",101.602945,
"BEL","MFP","TOT","IDX2015","A","2008",100.117406,
"BEL","MFP","TOT","IDX2015","A","2009",98.236132,
"BEL","MFP","TOT","IDX2015","A","2010",99.250335,
"BEL","MFP","TOT","IDX2015","A","2011",98.330242,
"BEL","MFP","TOT","IDX2015","A","2012",98.170227,
"BEL","MFP","TOT","IDX2015","A","2013",98.323205,
"BEL","MFP","TOT","IDX2015","A","2014",99.093971,
"BEL","MFP","TOT","IDX2015","A","2015",100,
"BEL","MFP","TOT","IDX2015","A","2016",99.632842,
"BEL","MFP","TOT","IDX2015","A","2017",99.146236,
"BEL","MFP","TOT","IDX2015","A","2018",99.022295,
"BEL","MFP","TOT","IDX2015","A","2019",99.400103,
"BEL","MFP","TOT","IDX2015","A","2020",99.596457,
"BEL","MFP","TOT","IDX2015","A","2021",99.704958,
"BEL","MFP","TOT","IDX2015","A","2022",100.81307,
"CAN","MFP","TOT","IDX2015","A","1985",87.673945,
"CAN","MFP","TOT","IDX2015","A","1986",86.790989,
"CAN","MFP","TOT","IDX2015","A","1987",87.159153,
"CAN","MFP","TOT","IDX2015","A","1988",87.753097,
"CAN","MFP","TOT","IDX2015","A","1989",87.439322,
"CAN","MFP","TOT","IDX2015","A","1990",86.500983,
"CAN","MFP","TOT","IDX2015","A","1991",85.696824,
"CAN","MFP","TOT","IDX2015","A","1992",86.540717,
"CAN","MFP","TOT","IDX2015","A","1993",87.831525,
"CAN","MFP","TOT","IDX2015","A","1994",89.425745,
"CAN","MFP","TOT","IDX2015","A","1995",90.137313,
"CAN","MFP","TOT","IDX2015","A","1996",89.582015,
"CAN","MFP","TOT","IDX2015","A","1997",90.648693,
"CAN","MFP","TOT","IDX2015","A","1998",91.700977,
"CAN","MFP","TOT","IDX2015","A","1999",93.490353,
"CAN","MFP","TOT","IDX2015","A","2000",95.708955,
"CAN","MFP","TOT","IDX2015","A","2001",96.127281,
"CAN","MFP","TOT","IDX2015","A","2002",97.129609,
"CAN","MFP","TOT","IDX2015","A","2003",96.784115,
"CAN","MFP","TOT","IDX2015","A","2004",97.075894,
"CAN","MFP","TOT","IDX2015","A","2005",98.194981,
"CAN","MFP","TOT","IDX2015","A","2006",98.501622,
"CAN","MFP","TOT","IDX2015","A","2007",97.855107,
"CAN","MFP","TOT","IDX2015","A","2008",96.885582,
"CAN","MFP","TOT","IDX2015","A","2009",95.844742,
"CAN","MFP","TOT","IDX2015","A","2010",96.646049,
"CAN","MFP","TOT","IDX2015","A","2011",97.900613,
"CAN","MFP","TOT","IDX2015","A","2012",97.535449,
"CAN","MFP","TOT","IDX2015","A","2013",98.440479,
"CAN","MFP","TOT","IDX2015","A","2014",100.495984,
"CAN","MFP","TOT","IDX2015","A","2015",100,
"CAN","MFP","TOT","IDX2015","A","2016",100.398101,
"CAN","MFP","TOT","IDX2015","A","2017",101.918903,
"CAN","MFP","TOT","IDX2015","A","2018",102.216831,
"CAN","MFP","TOT","IDX2015","A","2019",102.479174,
"CAN","MFP","TOT","IDX2015","A","2020",106.129147,
"CAN","MFP","TOT","IDX2015","A","2021",103.292068,
"CAN","MFP","TOT","IDX2015","A","2022",102.883713,
"DNK","MFP","TOT","IDX2015","A","1985",86.538994,
"DNK","MFP","TOT","IDX2015","A","1986",87.590816,
"DNK","MFP","TOT","IDX2015","A","1987",87.51982,
"DNK","MFP","TOT","IDX2015","A","1988",87.607462,
"DNK","MFP","TOT","IDX2015","A","1989",87.83555,
"DNK","MFP","TOT","IDX2015","A","1990",88.872658,
"DNK","MFP","TOT","IDX2015","A","1991",89.759298,
"DNK","MFP","TOT","IDX2015","A","1992",90.385541,
"DNK","MFP","TOT","IDX2015","A","1993",90.702379,
"DNK","MFP","TOT","IDX2015","A","1994",95.016944,
"DNK","MFP","TOT","IDX2015","A","1995",95.637012,
"DNK","MFP","TOT","IDX2015","A","1996",96.801038,
"DNK","MFP","TOT","IDX2015","A","1997",96.731659,
"DNK","MFP","TOT","IDX2015","A","1998",95.766877,
"DNK","MFP","TOT","IDX2015","A","1999",95.892607,
"DNK","MFP","TOT","IDX2015","A","2000",97.186539,
"DNK","MFP","TOT","IDX2015","A","2001",96.008781,
"DNK","MFP","TOT","IDX2015","A","2002",95.639254,
"DNK","MFP","TOT","IDX2015","A","2003",95.945634,
"DNK","MFP","TOT","IDX2015","A","2004",97.879763,
"DNK","MFP","TOT","IDX2015","A","2005",98.578136,
"DNK","MFP","TOT","IDX2015","A","2006",99.39161,
"DNK","MFP","TOT","IDX2015","A","2007",98.717818,
"DNK","MFP","TOT","IDX2015","A","2008",96.508022,
"DNK","MFP","TOT","IDX2015","A","2009",93.741612,
"DNK","MFP","TOT","IDX2015","A","2010",96.196321,
"DNK","MFP","TOT","IDX2015","A","2011",96.447153,
"DNK","MFP","TOT","IDX2015","A","2012",97.3828,
"DNK","MFP","TOT","IDX2015","A","2013",97.760369,
"DNK","MFP","TOT","IDX2015","A","2014",98.847185,
"DNK","MFP","TOT","IDX2015","A","2015",100,
"DNK","MFP","TOT","IDX2015","A","2016",101.083241,
"DNK","MFP","TOT","IDX2015","A","2017",102.561762,
"DNK","MFP","TOT","IDX2015","A","2018",104.012731,
"DNK","MFP","TOT","IDX2015","A","2019",104.449755,
"DNK","MFP","TOT","IDX2015","A","2020",104.046913,
"DNK","MFP","TOT","IDX2015","A","2021",105.692315,
"DNK","MFP","TOT","IDX2015","A","2022",105.451876,
"FIN","MFP","TOT","IDX2015","A","1985",67.744879,
"FIN","MFP","TOT","IDX2015","A","1986",69.539304,
"FIN","MFP","TOT","IDX2015","A","1987",70.438636,
"FIN","MFP","TOT","IDX2015","A","1988",72.848678,
"FIN","MFP","TOT","IDX2015","A","1989",74.806645,
"FIN","MFP","TOT","IDX2015","A","1990",75.282488,
"FIN","MFP","TOT","IDX2015","A","1991",73.721537,
"FIN","MFP","TOT","IDX2015","A","1992",74.349568,
"FIN","MFP","TOT","IDX2015","A","1993",76.626253,
"FIN","MFP","TOT","IDX2015","A","1994",79.603076,
"FIN","MFP","TOT","IDX2015","A","1995",81.085619,
"FIN","MFP","TOT","IDX2015","A","1996",82.605626,
"FIN","MFP","TOT","IDX2015","A","1997",85.233488,
"FIN","MFP","TOT","IDX2015","A","1998",88.131367,
"FIN","MFP","TOT","IDX2015","A","1999",89.807334,
"FIN","MFP","TOT","IDX2015","A","2000",93.150403,
"FIN","MFP","TOT","IDX2015","A","2001",94.315039,
"FIN","MFP","TOT","IDX2015","A","2002",94.794325,
"FIN","MFP","TOT","IDX2015","A","2003",96.119948,
"FIN","MFP","TOT","IDX2015","A","2004",98.849077,
"FIN","MFP","TOT","IDX2015","A","2005",100.240635,
"FIN","MFP","TOT","IDX2015","A","2006",102.417369,
"FIN","MFP","TOT","IDX2015","A","2007",105.356384,
"FIN","MFP","TOT","IDX2015","A","2008",103.786407,
"FIN","MFP","TOT","IDX2015","A","2009",97.424397,
"FIN","MFP","TOT","IDX2015","A","2010",100.281614,
"FIN","MFP","TOT","IDX2015","A","2011",101.617171,
"FIN","MFP","TOT","IDX2015","A","2012",99.724293,
"FIN","MFP","TOT","IDX2015","A","2013",99.539645,
"FIN","MFP","TOT","IDX2015","A","2014",99.430132,
"FIN","MFP","TOT","IDX2015","A","2015",100,
"FIN","MFP","TOT","IDX2015","A","2016",102.246799,
"FIN","MFP","TOT","IDX2015","A","2017",104.644112,
"FIN","MFP","TOT","IDX2015","A","2018",103.630474,
"FIN","MFP","TOT","IDX2015","A","2019",103.540797,
"FIN","MFP","TOT","IDX2015","A","2020",102.667595,
"FIN","MFP","TOT","IDX2015","A","2021",103.646288,
"FIN","MFP","TOT","IDX2015","A","2022",105.021217,
"FRA","MFP","TOT","IDX2015","A","1985",81.710426,
"FRA","MFP","TOT","IDX2015","A","1986",82.765937,
"FRA","MFP","TOT","IDX2015","A","1987",83.077294,
"FRA","MFP","TOT","IDX2015","A","1988",85.074724,
"FRA","MFP","TOT","IDX2015","A","1989",87.154779,
"FRA","MFP","TOT","IDX2015","A","1990",88.187367,
"FRA","MFP","TOT","IDX2015","A","1991",88.184068,
"FRA","MFP","TOT","IDX2015","A","1992",89.120351,
"FRA","MFP","TOT","IDX2015","A","1993",88.816619,
"FRA","MFP","TOT","IDX2015","A","1994",89.957649,
"FRA","MFP","TOT","IDX2015","A","1995",91.345222,
"FRA","MFP","TOT","IDX2015","A","1996",91.632585,
"FRA","MFP","TOT","IDX2015","A","1997",92.489122,
"FRA","MFP","TOT","IDX2015","A","1998",94.048297,
"FRA","MFP","TOT","IDX2015","A","1999",94.753639,
"FRA","MFP","TOT","IDX2015","A","2000",96.409365,
"FRA","MFP","TOT","IDX2015","A","2001",97.099677,
"FRA","MFP","TOT","IDX2015","A","2002",98.598887,
"FRA","MFP","TOT","IDX2015","A","2003",98.467389,
"FRA","MFP","TOT","IDX2015","A","2004",99.24757,
"FRA","MFP","TOT","IDX2015","A","2005",99.596212,
"FRA","MFP","TOT","IDX2015","A","2006",101.278549,
"FRA","MFP","TOT","IDX2015","A","2007",100.62835,
"FRA","MFP","TOT","IDX2015","A","2008",99.318369,
"FRA","MFP","TOT","IDX2015","A","2009",97.329155,
"FRA","MFP","TOT","IDX2015","A","2010",98.205246,
"FRA","MFP","TOT","IDX2015","A","2011",98.941033,
"FRA","MFP","TOT","IDX2015","A","2012",98.676052,
"FRA","MFP","TOT","IDX2015","A","2013",99.263078,
"FRA","MFP","TOT","IDX2015","A","2014",99.68265,
"FRA","MFP","TOT","IDX2015","A","2015",100,
"FRA","MFP","TOT","IDX2015","A","2016",99.888538,
"FRA","MFP","TOT","IDX2015","A","2017",101.353971,
"FRA","MFP","TOT","IDX2015","A","2018",101.42969,
"FRA","MFP","TOT","IDX2015","A","2019",101.463881,
"FRA","MFP","TOT","IDX2015","A","2020",99.060974,
"FRA","MFP","TOT","IDX2015","A","2021",98.982898,
"FRA","MFP","TOT","IDX2015","A","2022",97.626417,
"DEU","MFP","TOT","IDX2015","A","1985",75.037801,
"DEU","MFP","TOT","IDX2015","A","1986",75.715229,
"DEU","MFP","TOT","IDX2015","A","1987",76.180706,
"DEU","MFP","TOT","IDX2015","A","1988",77.692091,
"DEU","MFP","TOT","IDX2015","A","1989",79.755264,
"DEU","MFP","TOT","IDX2015","A","1990",82.074371,
"DEU","MFP","TOT","IDX2015","A","1991",84.329047,
"DEU","MFP","TOT","IDX2015","A","1992",85.451282,
"DEU","MFP","TOT","IDX2015","A","1993",85.823796,
"DEU","MFP","TOT","IDX2015","A","1994",87.402043,
"DEU","MFP","TOT","IDX2015","A","1995",88.177242,
"DEU","MFP","TOT","IDX2015","A","1996",88.877134,
"DEU","MFP","TOT","IDX2015","A","1997",90.300416,
"DEU","MFP","TOT","IDX2015","A","1998",90.77815,
"DEU","MFP","TOT","IDX2015","A","1999",91.201905,
"DEU","MFP","TOT","IDX2015","A","2000",92.673783,
"DEU","MFP","TOT","IDX2015","A","2001",93.99508,
"DEU","MFP","TOT","IDX2015","A","2002",94.01297,
"DEU","MFP","TOT","IDX2015","A","2003",93.954456,
"DEU","MFP","TOT","IDX2015","A","2004",94.550585,
"DEU","MFP","TOT","IDX2015","A","2005",95.402954,
"DEU","MFP","TOT","IDX2015","A","2006",96.928551,
"DEU","MFP","TOT","IDX2015","A","2007",97.911918,
"DEU","MFP","TOT","IDX2015","A","2008",97.576708,
"DEU","MFP","TOT","IDX2015","A","2009",93.608598,
"DEU","MFP","TOT","IDX2015","A","2010",95.870192,
"DEU","MFP","TOT","IDX2015","A","2011",98.223451,
"DEU","MFP","TOT","IDX2015","A","2012",98.441747,
"DEU","MFP","TOT","IDX2015","A","2013",98.624691,
"DEU","MFP","TOT","IDX2015","A","2014",99.627372,
"DEU","MFP","TOT","IDX2015","A","2015",100,
"DEU","MFP","TOT","IDX2015","A","2016",101.150515,
"DEU","MFP","TOT","IDX2015","A","2017",102.720303,
"DEU","MFP","TOT","IDX2015","A","2018",102.658553,
"DEU","MFP","TOT","IDX2015","A","2019",103.013774,
"DEU","MFP","TOT","IDX2015","A","2020",102.595345,
"DEU","MFP","TOT","IDX2015","A","2021",103.575452,
"DEU","MFP","TOT","IDX2015","A","2022",104.049655,
"GRC","MFP","TOT","IDX2015","A","1990",105.501163,
"GRC","MFP","TOT","IDX2015","A","1991",108.344805,
"GRC","MFP","TOT","IDX2015","A","1992",106.185409,
"GRC","MFP","TOT","IDX2015","A","1993",102.423203,
"GRC","MFP","TOT","IDX2015","A","1994",103.61237,
"GRC","MFP","TOT","IDX2015","A","1995",105.042165,
"GRC","MFP","TOT","IDX2015","A","1996",107.511932,
"GRC","MFP","TOT","IDX2015","A","1997",111.38847,
"GRC","MFP","TOT","IDX2015","A","1998",110.281227,
"GRC","MFP","TOT","IDX2015","A","1999",111.947507,
"GRC","MFP","TOT","IDX2015","A","2000",113.954651,
"GRC","MFP","TOT","IDX2015","A","2001",116.537927,
"GRC","MFP","TOT","IDX2015","A","2002",117.34497,
"GRC","MFP","TOT","IDX2015","A","2003",120.773469,
"GRC","MFP","TOT","IDX2015","A","2004",123.213493,
"GRC","MFP","TOT","IDX2015","A","2005",119.44323,
"GRC","MFP","TOT","IDX2015","A","2006",123.13472,
"GRC","MFP","TOT","IDX2015","A","2007",124.299873,
"GRC","MFP","TOT","IDX2015","A","2008",120.9743,
"GRC","MFP","TOT","IDX2015","A","2009",115.869681,
"GRC","MFP","TOT","IDX2015","A","2010",112.399425,
"GRC","MFP","TOT","IDX2015","A","2011",103.099347,
"GRC","MFP","TOT","IDX2015","A","2012",97.459455,
"GRC","MFP","TOT","IDX2015","A","2013",96.001263,
"GRC","MFP","TOT","IDX2015","A","2014",96.82099,
"GRC","MFP","TOT","IDX2015","A","2015",100,
"GRC","MFP","TOT","IDX2015","A","2016",97.626593,
"GRC","MFP","TOT","IDX2015","A","2017",99.321409,
"GRC","MFP","TOT","IDX2015","A","2018",97.627539,
"GRC","MFP","TOT","IDX2015","A","2019",99.81132,
"GRC","MFP","TOT","IDX2015","A","2020",99.416033,
"GRC","MFP","TOT","IDX2015","A","2021",100.487689,
"GRC","MFP","TOT","IDX2015","A","2022",101.886308,
"ITA","MFP","TOT","IDX2015","A","1985",93.573165,
"ITA","MFP","TOT","IDX2015","A","1986",94.396939,
"ITA","MFP","TOT","IDX2015","A","1987",95.376695,
"ITA","MFP","TOT","IDX2015","A","1988",97.184636,
"ITA","MFP","TOT","IDX2015","A","1989",99.365949,
"ITA","MFP","TOT","IDX2015","A","1990",99.486215,
"ITA","MFP","TOT","IDX2015","A","1991",98.945787,
"ITA","MFP","TOT","IDX2015","A","1992",99.35694,
"ITA","MFP","TOT","IDX2015","A","1993",100.02805,
"ITA","MFP","TOT","IDX2015","A","1994",103.069792,
"ITA","MFP","TOT","IDX2015","A","1995",105.329118,
"ITA","MFP","TOT","IDX2015","A","1996",104.931692,
"ITA","MFP","TOT","IDX2015","A","1997",105.965842,
"ITA","MFP","TOT","IDX2015","A","1998",105.561687,
"ITA","MFP","TOT","IDX2015","A","1999",105.518107,
"ITA","MFP","TOT","IDX2015","A","2000",107.595988,
"ITA","MFP","TOT","IDX2015","A","2001",107.544611,
"ITA","MFP","TOT","IDX2015","A","2002",105.873014,
"ITA","MFP","TOT","IDX2015","A","2003",104.478711,
"ITA","MFP","TOT","IDX2015","A","2004",104.739781,
"ITA","MFP","TOT","IDX2015","A","2005",104.573312,
"ITA","MFP","TOT","IDX2015","A","2006",104.165815,
"ITA","MFP","TOT","IDX2015","A","2007",103.759826,
"ITA","MFP","TOT","IDX2015","A","2008",102.438512,
"ITA","MFP","TOT","IDX2015","A","2009",99.056446,
"ITA","MFP","TOT","IDX2015","A","2010",100.775335,
"ITA","MFP","TOT","IDX2015","A","2011",101.175358,
"ITA","MFP","TOT","IDX2015","A","2012",99.756848,
"ITA","MFP","TOT","IDX2015","A","2013",99.729571,
"ITA","MFP","TOT","IDX2015","A","2014",99.773861,
"ITA","MFP","TOT","IDX2015","A","2015",100,
"ITA","MFP","TOT","IDX2015","A","2016",100.036824,
"ITA","MFP","TOT","IDX2015","A","2017",100.838975,
"ITA","MFP","TOT","IDX2015","A","2018",100.941388,
"ITA","MFP","TOT","IDX2015","A","2019",101.291382,
"ITA","MFP","TOT","IDX2015","A","2020",100.681154,
"ITA","MFP","TOT","IDX2015","A","2021",101.78152,
"ITA","MFP","TOT","IDX2015","A","2022",102.28439,
"JPN","MFP","TOT","IDX2015","A","1985",77.743389,
"JPN","MFP","TOT","IDX2015","A","1986",78.462993,
"JPN","MFP","TOT","IDX2015","A","1987",80.414638,
"JPN","MFP","TOT","IDX2015","A","1988",83.439657,
"JPN","MFP","TOT","IDX2015","A","1989",85.450547,
"JPN","MFP","TOT","IDX2015","A","1990",87.872207,
"JPN","MFP","TOT","IDX2015","A","1991",88.879595,
"JPN","MFP","TOT","IDX2015","A","1992",88.477207,
"JPN","MFP","TOT","IDX2015","A","1993",88.480552,
"JPN","MFP","TOT","IDX2015","A","1994",88.493877,
"JPN","MFP","TOT","IDX2015","A","1995",89.873233,
"JPN","MFP","TOT","IDX2015","A","1996",90.98908,
"JPN","MFP","TOT","IDX2015","A","1997",91.012159,
"JPN","MFP","TOT","IDX2015","A","1998",90.178538,
"JPN","MFP","TOT","IDX2015","A","1999",90.674702,
"JPN","MFP","TOT","IDX2015","A","2000",92.166585,
"JPN","MFP","TOT","IDX2015","A","2001",92.204951,
"JPN","MFP","TOT","IDX2015","A","2002",92.632445,
"JPN","MFP","TOT","IDX2015","A","2003",93.353973,
"JPN","MFP","TOT","IDX2015","A","2004",94.944083,
"JPN","MFP","TOT","IDX2015","A","2005",95.81938,
"JPN","MFP","TOT","IDX2015","A","2006",95.769071,
"JPN","MFP","TOT","IDX2015","A","2007",96.142674,
"JPN","MFP","TOT","IDX2015","A","2008",95.1465,
"JPN","MFP","TOT","IDX2015","A","2009",92.317455,
"JPN","MFP","TOT","IDX2015","A","2010",95.341659,
"JPN","MFP","TOT","IDX2015","A","2011",95.695962,
"JPN","MFP","TOT","IDX2015","A","2012",96.692619,
"JPN","MFP","TOT","IDX2015","A","2013",98.568588,
"JPN","MFP","TOT","IDX2015","A","2014",98.514444,
"JPN","MFP","TOT","IDX2015","A","2015",100,
"JPN","MFP","TOT","IDX2015","A","2016",100.048741,
"JPN","MFP","TOT","IDX2015","A","2017",100.942984,
"JPN","MFP","TOT","IDX2015","A","2018",101.32332,
"JPN","MFP","TOT","IDX2015","A","2019",101.543894,
"JPN","MFP","TOT","IDX2015","A","2020",99.388516,
"JPN","MFP","TOT","IDX2015","A","2021",100.96088,
"JPN","MFP","TOT","IDX2015","A","2022",101.700276,
"KOR","MFP","TOT","IDX2015","A","1990",48.650286,
"KOR","MFP","TOT","IDX2015","A","1991",51.327576,
"KOR","MFP","TOT","IDX2015","A","1992",52.627269,
"KOR","MFP","TOT","IDX2015","A","1993",54.075444,
"KOR","MFP","TOT","IDX2015","A","1994",56.269011,
"KOR","MFP","TOT","IDX2015","A","1995",58.430197,
"KOR","MFP","TOT","IDX2015","A","1996",60.455267,
"KOR","MFP","TOT","IDX2015","A","1997",62.806866,
"KOR","MFP","TOT","IDX2015","A","1998",63.315059,
"KOR","MFP","TOT","IDX2015","A","1999",67.94433,
"KOR","MFP","TOT","IDX2015","A","2000",69.634139,
"KOR","MFP","TOT","IDX2015","A","2001",70.7069,
"KOR","MFP","TOT","IDX2015","A","2002",74.020267,
"KOR","MFP","TOT","IDX2015","A","2003",75.858916,
"KOR","MFP","TOT","IDX2015","A","2004",78.204213,
"KOR","MFP","TOT","IDX2015","A","2005",80.614745,
"KOR","MFP","TOT","IDX2015","A","2006",82.999811,
"KOR","MFP","TOT","IDX2015","A","2007",86.761338,
"KOR","MFP","TOT","IDX2015","A","2008",89.827578,
"KOR","MFP","TOT","IDX2015","A","2009",91.23288,
"KOR","MFP","TOT","IDX2015","A","2010",95.472284,
"KOR","MFP","TOT","IDX2015","A","2011",97.03743,
"KOR","MFP","TOT","IDX2015","A","2012",97.204522,
"KOR","MFP","TOT","IDX2015","A","2013",98.398602,
"KOR","MFP","TOT","IDX2015","A","2014",99.550663,
"KOR","MFP","TOT","IDX2015","A","2015",100,
"KOR","MFP","TOT","IDX2015","A","2016",101.504316,
"KOR","MFP","TOT","IDX2015","A","2017",104.120408,
"KOR","MFP","TOT","IDX2015","A","2018",106.481783,
"KOR","MFP","TOT","IDX2015","A","2019",107.880735,
"KOR","MFP","TOT","IDX2015","A","2020",108.866591,
"KOR","MFP","TOT","IDX2015","A","2021",110.928902,
"KOR","MFP","TOT","IDX2015","A","2022",110.648282,
"LUX","MFP","TOT","IDX2015","A","1996",98.642423,
"LUX","MFP","TOT","IDX2015","A","1997",99.595124,
"LUX","MFP","TOT","IDX2015","A","1998",101.439308,
"LUX","MFP","TOT","IDX2015","A","1999",104.012485,
"LUX","MFP","TOT","IDX2015","A","2000",104.834162,
"LUX","MFP","TOT","IDX2015","A","2001",102.35405,
"LUX","MFP","TOT","IDX2015","A","2002",102.605768,
"LUX","MFP","TOT","IDX2015","A","2003",102.83693,
"LUX","MFP","TOT","IDX2015","A","2004",104.150262,
"LUX","MFP","TOT","IDX2015","A","2005",104.686944,
"LUX","MFP","TOT","IDX2015","A","2006",106.87531,
"LUX","MFP","TOT","IDX2015","A","2007",109.676172,
"LUX","MFP","TOT","IDX2015","A","2008",103.924951,
"LUX","MFP","TOT","IDX2015","A","2009",102.285587,
"LUX","MFP","TOT","IDX2015","A","2010",103.621242,
"LUX","MFP","TOT","IDX2015","A","2011",101.329726,
"LUX","MFP","TOT","IDX2015","A","2012",100.26308,
"LUX","MFP","TOT","IDX2015","A","2013",101.44291,
"LUX","MFP","TOT","IDX2015","A","2014",100.820267,
"LUX","MFP","TOT","IDX2015","A","2015",100,
"LUX","MFP","TOT","IDX2015","A","2016",101.962637,
"LUX","MFP","TOT","IDX2015","A","2017",100.246628,
"LUX","MFP","TOT","IDX2015","A","2018",98.53524,
"LUX","MFP","TOT","IDX2015","A","2019",97.798514,
"LUX","MFP","TOT","IDX2015","A","2020",99.940133,
"LUX","MFP","TOT","IDX2015","A","2021",98.485676,
"LUX","MFP","TOT","IDX2015","A","2022",96.45803,
"NLD","MFP","TOT","IDX2015","A","1985",84.681017,
"NLD","MFP","TOT","IDX2015","A","1986",85.291783,
"NLD","MFP","TOT","IDX2015","A","1987",85.662798,
"NLD","MFP","TOT","IDX2015","A","1988",86.760832,
"NLD","MFP","TOT","IDX2015","A","1989",88.120061,
"NLD","MFP","TOT","IDX2015","A","1990",89.021445,
"NLD","MFP","TOT","IDX2015","A","1991",89.458945,
"NLD","MFP","TOT","IDX2015","A","1992",88.93251,
"NLD","MFP","TOT","IDX2015","A","1993",89.628443,
"NLD","MFP","TOT","IDX2015","A","1994",90.906144,
"NLD","MFP","TOT","IDX2015","A","1995",90.094749,
"NLD","MFP","TOT","IDX2015","A","1996",90.441397,
"NLD","MFP","TOT","IDX2015","A","1997",92.066107,
"NLD","MFP","TOT","IDX2015","A","1998",93.693594,
"NLD","MFP","TOT","IDX2015","A","1999",95.077097,
"NLD","MFP","TOT","IDX2015","A","2000",97.153246,
"NLD","MFP","TOT","IDX2015","A","2001",97.440472,
"NLD","MFP","TOT","IDX2015","A","2002",97.337879,
"NLD","MFP","TOT","IDX2015","A","2003",97.728496,
"NLD","MFP","TOT","IDX2015","A","2004",98.864068,
"NLD","MFP","TOT","IDX2015","A","2005",100.42746,
"NLD","MFP","TOT","IDX2015","A","2006",101.568936,
"NLD","MFP","TOT","IDX2015","A","2007",101.823237,
"NLD","MFP","TOT","IDX2015","A","2008",101.946422,
"NLD","MFP","TOT","IDX2015","A","2009",98.716588,
"NLD","MFP","TOT","IDX2015","A","2010",100.143677,
"NLD","MFP","TOT","IDX2015","A","2011",100.526944,
"NLD","MFP","TOT","IDX2015","A","2012",99.719872,
"NLD","MFP","TOT","IDX2015","A","2013",99.657716,
"NLD","MFP","TOT","IDX2015","A","2014",100.26147,
"NLD","MFP","TOT","IDX2015","A","2015",100,
"NLD","MFP","TOT","IDX2015","A","2016",100.053127,
"NLD","MFP","TOT","IDX2015","A","2017",100.875361,
"NLD","MFP","TOT","IDX2015","A","2018",100.948985,
"NLD","MFP","TOT","IDX2015","A","2019",100.519703,
"NLD","MFP","TOT","IDX2015","A","2020",98.286588,
"NLD","MFP","TOT","IDX2015","A","2021",100.240322,
"NLD","MFP","TOT","IDX2015","A","2022",101.315848,
"NZL","MFP","TOT","IDX2015","A","1987",83.411071,
"NZL","MFP","TOT","IDX2015","A","1988",85.976623,
"NZL","MFP","TOT","IDX2015","A","1989",87.415582,
"NZL","MFP","TOT","IDX2015","A","1990",88.710708,
"NZL","MFP","TOT","IDX2015","A","1991",86.810283,
"NZL","MFP","TOT","IDX2015","A","1992",88.97256,
"NZL","MFP","TOT","IDX2015","A","1993",91.55936,
"NZL","MFP","TOT","IDX2015","A","1994",92.513771,
"NZL","MFP","TOT","IDX2015","A","1995",93.091159,
"NZL","MFP","TOT","IDX2015","A","1996",93.177952,
"NZL","MFP","TOT","IDX2015","A","1997",95.089432,
"NZL","MFP","TOT","IDX2015","A","1998",93.209779,
"NZL","MFP","TOT","IDX2015","A","1999",94.205648,
"NZL","MFP","TOT","IDX2015","A","2000",95.628272,
"NZL","MFP","TOT","IDX2015","A","2001",96.698437,
"NZL","MFP","TOT","IDX2015","A","2002",98.201647,
"NZL","MFP","TOT","IDX2015","A","2003",99.207193,
"NZL","MFP","TOT","IDX2015","A","2004",98.140478,
"NZL","MFP","TOT","IDX2015","A","2005",97.114287,
"NZL","MFP","TOT","IDX2015","A","2006",97.193679,
"NZL","MFP","TOT","IDX2015","A","2007",99.481469,
"NZL","MFP","TOT","IDX2015","A","2008",95.488321,
"NZL","MFP","TOT","IDX2015","A","2009",98.700554,
"NZL","MFP","TOT","IDX2015","A","2010",97.340764,
"NZL","MFP","TOT","IDX2015","A","2011",98.306269,
"NZL","MFP","TOT","IDX2015","A","2012",100.592567,
"NZL","MFP","TOT","IDX2015","A","2013",98.491999,
"NZL","MFP","TOT","IDX2015","A","2014",98.273163,
"NZL","MFP","TOT","IDX2015","A","2015",100,
"NZL","MFP","TOT","IDX2015","A","2016",99.424326,
"NZL","MFP","TOT","IDX2015","A","2017",99.619797,
"NZL","MFP","TOT","IDX2015","A","2018",101.206569,
"NZL","MFP","TOT","IDX2015","A","2019",100.172203,
"NZL","MFP","TOT","IDX2015","A","2020",100.498935,
"NZL","MFP","TOT","IDX2015","A","2021",102.085488,
"NZL","MFP","TOT","IDX2015","A","2022",100.780626,
"NOR","MFP","TOT","IDX2015","A","1990",80.822825,
"NOR","MFP","TOT","IDX2015","A","1991",83.674942,
"NOR","MFP","TOT","IDX2015","A","1992",86.289087,
"NOR","MFP","TOT","IDX2015","A","1993",88.236382,
"NOR","MFP","TOT","IDX2015","A","1994",91.540331,
"NOR","MFP","TOT","IDX2015","A","1995",94.268298,
"NOR","MFP","TOT","IDX2015","A","1996",97.099464,
"NOR","MFP","TOT","IDX2015","A","1997",99.199937,
"NOR","MFP","TOT","IDX2015","A","1998",98.624566,
"NOR","MFP","TOT","IDX2015","A","1999",98.824071,
"NOR","MFP","TOT","IDX2015","A","2000",101.384554,
"NOR","MFP","TOT","IDX2015","A","2001",103.531905,
"NOR","MFP","TOT","IDX2015","A","2002",104.480554,
"NOR","MFP","TOT","IDX2015","A","2003",106.299197,
"NOR","MFP","TOT","IDX2015","A","2004",107.864312,
"NOR","MFP","TOT","IDX2015","A","2005",108.379099,
"NOR","MFP","TOT","IDX2015","A","2006",107.218734,
"NOR","MFP","TOT","IDX2015","A","2007",105.010997,
"NOR","MFP","TOT","IDX2015","A","2008",101.134315,
"NOR","MFP","TOT","IDX2015","A","2009",99.543764,
"NOR","MFP","TOT","IDX2015","A","2010",99.21668,
"NOR","MFP","TOT","IDX2015","A","2011",98.175443,
"NOR","MFP","TOT","IDX2015","A","2012",98.766086,
"NOR","MFP","TOT","IDX2015","A","2013",98.679828,
"NOR","MFP","TOT","IDX2015","A","2014",99.10312,
"NOR","MFP","TOT","IDX2015","A","2015",100,
"NOR","MFP","TOT","IDX2015","A","2016",100.162466,
"NOR","MFP","TOT","IDX2015","A","2017",101.588997,
"NOR","MFP","TOT","IDX2015","A","2018",100.452514,
"NOR","MFP","TOT","IDX2015","A","2019",99.479943,
"NOR","MFP","TOT","IDX2015","A","2020",98.923068,
"NOR","MFP","TOT","IDX2015","A","2021",100.231083,
"NOR","MFP","TOT","IDX2015","A","2022",99.814906,
"PRT","MFP","TOT","IDX2015","A","1985",81.952959,
"PRT","MFP","TOT","IDX2015","A","1986",85.17651,
"PRT","MFP","TOT","IDX2015","A","1987",87.76172,
"PRT","MFP","TOT","IDX2015","A","1988",91.822731,
"PRT","MFP","TOT","IDX2015","A","1989",94.651188,
"PRT","MFP","TOT","IDX2015","A","1990",96.179305,
"PRT","MFP","TOT","IDX2015","A","1991",99.520559,
"PRT","MFP","TOT","IDX2015","A","1992",100.995906,
"PRT","MFP","TOT","IDX2015","A","1993",99.360992,
"PRT","MFP","TOT","IDX2015","A","1994",98.980154,
"PRT","MFP","TOT","IDX2015","A","1995",99.934309,
"PRT","MFP","TOT","IDX2015","A","1996",100.910003,
"PRT","MFP","TOT","IDX2015","A","1997",102.047951,
"PRT","MFP","TOT","IDX2015","A","1998",102.229699,
"PRT","MFP","TOT","IDX2015","A","1999",102.996075,
"PRT","MFP","TOT","IDX2015","A","2000",102.839677,
"PRT","MFP","TOT","IDX2015","A","2001",102.399632,
"PRT","MFP","TOT","IDX2015","A","2002",101.668745,
"PRT","MFP","TOT","IDX2015","A","2003",100.462503,
"PRT","MFP","TOT","IDX2015","A","2004",101.309662,
"PRT","MFP","TOT","IDX2015","A","2005",101.196788,
"PRT","MFP","TOT","IDX2015","A","2006",101.862799,
"PRT","MFP","TOT","IDX2015","A","2007",102.441966,
"PRT","MFP","TOT","IDX2015","A","2008",101.690662,
"PRT","MFP","TOT","IDX2015","A","2009",99.435994,
"PRT","MFP","TOT","IDX2015","A","2010",101.040329,
"PRT","MFP","TOT","IDX2015","A","2011",100.893691,
"PRT","MFP","TOT","IDX2015","A","2012",99.961893,
"PRT","MFP","TOT","IDX2015","A","2013",100.455238,
"PRT","MFP","TOT","IDX2015","A","2014",99.764584,
"PRT","MFP","TOT","IDX2015","A","2015",100,
"PRT","MFP","TOT","IDX2015","A","2016",100.333494,
"PRT","MFP","TOT","IDX2015","A","2017",101.387092,
"PRT","MFP","TOT","IDX2015","A","2018",101.466268,
"PRT","MFP","TOT","IDX2015","A","2019",102.607217,
"PRT","MFP","TOT","IDX2015","A","2020",100.623723,
"PRT","MFP","TOT","IDX2015","A","2021",101.973307,
"PRT","MFP","TOT","IDX2015","A","2022",106.896054,
"ESP","MFP","TOT","IDX2015","A","1985",94.133019,
"ESP","MFP","TOT","IDX2015","A","1986",95.059589,
"ESP","MFP","TOT","IDX2015","A","1987",96.137072,
"ESP","MFP","TOT","IDX2015","A","1988",97.341802,
"ESP","MFP","TOT","IDX2015","A","1989",98.348091,
"ESP","MFP","TOT","IDX2015","A","1990",97.70973,
"ESP","MFP","TOT","IDX2015","A","1991",97.59616,
"ESP","MFP","TOT","IDX2015","A","1992",98.814651,
"ESP","MFP","TOT","IDX2015","A","1993",99.626518,
"ESP","MFP","TOT","IDX2015","A","1994",101.610057,
"ESP","MFP","TOT","IDX2015","A","1995",101.957496,
"ESP","MFP","TOT","IDX2015","A","1996",102.459642,
"ESP","MFP","TOT","IDX2015","A","1997",102.090555,
"ESP","MFP","TOT","IDX2015","A","1998",101.453314,
"ESP","MFP","TOT","IDX2015","A","1999",100.787835,
"ESP","MFP","TOT","IDX2015","A","2000",100.95761,
"ESP","MFP","TOT","IDX2015","A","2001",100.662541,
"ESP","MFP","TOT","IDX2015","A","2002",100.180003,
"ESP","MFP","TOT","IDX2015","A","2003",99.828559,
"ESP","MFP","TOT","IDX2015","A","2004",99.533973,
"ESP","MFP","TOT","IDX2015","A","2005",99.379463,
"ESP","MFP","TOT","IDX2015","A","2006",99.373513,
"ESP","MFP","TOT","IDX2015","A","2007",99.541347,
"ESP","MFP","TOT","IDX2015","A","2008",98.49856,
"ESP","MFP","TOT","IDX2015","A","2009",98.196214,
"ESP","MFP","TOT","IDX2015","A","2010",99.039429,
"ESP","MFP","TOT","IDX2015","A","2011",99.014456,
"ESP","MFP","TOT","IDX2015","A","2012",98.727636,
"ESP","MFP","TOT","IDX2015","A","2013",98.734505,
"ESP","MFP","TOT","IDX2015","A","2014",98.889939,
"ESP","MFP","TOT","IDX2015","A","2015",100,
"ESP","MFP","TOT","IDX2015","A","2016",100.671266,
"ESP","MFP","TOT","IDX2015","A","2017",101.616916,
"ESP","MFP","TOT","IDX2015","A","2018",101.594754,
"ESP","MFP","TOT","IDX2015","A","2019",102.072539,
"ESP","MFP","TOT","IDX2015","A","2020",98.733522,
"ESP","MFP","TOT","IDX2015","A","2021",98.702427,
"ESP","MFP","TOT","IDX2015","A","2022",100.651779,
"SWE","MFP","TOT","IDX2015","A","1985",81.973345,
"SWE","MFP","TOT","IDX2015","A","1986",82.672495,
"SWE","MFP","TOT","IDX2015","A","1987",83.281428,
"SWE","MFP","TOT","IDX2015","A","1988",82.519597,
"SWE","MFP","TOT","IDX2015","A","1989",82.395527,
"SWE","MFP","TOT","IDX2015","A","1990",81.319127,
"SWE","MFP","TOT","IDX2015","A","1991",80.75637,
"SWE","MFP","TOT","IDX2015","A","1992",80.97237,
"SWE","MFP","TOT","IDX2015","A","1993",80.931579,
"SWE","MFP","TOT","IDX2015","A","1994",82.495068,
"SWE","MFP","TOT","IDX2015","A","1995",83.63781,
"SWE","MFP","TOT","IDX2015","A","1996",83.968357,
"SWE","MFP","TOT","IDX2015","A","1997",86.059201,
"SWE","MFP","TOT","IDX2015","A","1998",87.392831,
"SWE","MFP","TOT","IDX2015","A","1999",87.946404,
"SWE","MFP","TOT","IDX2015","A","2000",89.720844,
"SWE","MFP","TOT","IDX2015","A","2001",89.287297,
"SWE","MFP","TOT","IDX2015","A","2002",91.165117,
"SWE","MFP","TOT","IDX2015","A","2003",93.095439,
"SWE","MFP","TOT","IDX2015","A","2004",95.499129,
"SWE","MFP","TOT","IDX2015","A","2005",97.020627,
"SWE","MFP","TOT","IDX2015","A","2006",99.094338,
"SWE","MFP","TOT","IDX2015","A","2007",99.087126,
"SWE","MFP","TOT","IDX2015","A","2008",96.595632,
"SWE","MFP","TOT","IDX2015","A","2009",93.845644,
"SWE","MFP","TOT","IDX2015","A","2010",97.190304,
"SWE","MFP","TOT","IDX2015","A","2011",97.89045,
"SWE","MFP","TOT","IDX2015","A","2012",96.687332,
"SWE","MFP","TOT","IDX2015","A","2013",96.930847,
"SWE","MFP","TOT","IDX2015","A","2014",97.785028,
"SWE","MFP","TOT","IDX2015","A","2015",100,
"SWE","MFP","TOT","IDX2015","A","2016",99.238594,
"SWE","MFP","TOT","IDX2015","A","2017",99.443219,
"SWE","MFP","TOT","IDX2015","A","2018",99.272101,
"SWE","MFP","TOT","IDX2015","A","2019",100.585087,
"SWE","MFP","TOT","IDX2015","A","2020",99.684491,
"SWE","MFP","TOT","IDX2015","A","2021",101.920759,
"SWE","MFP","TOT","IDX2015","A","2022",101.532636,
"CHE","MFP","TOT","IDX2015","A","1992",96.586201,
"CHE","MFP","TOT","IDX2015","A","1993",96.039363,
"CHE","MFP","TOT","IDX2015","A","1994",95.810109,
"CHE","MFP","TOT","IDX2015","A","1995",95.936374,
"CHE","MFP","TOT","IDX2015","A","1996",96.370825,
"CHE","MFP","TOT","IDX2015","A","1997",97.774258,
"CHE","MFP","TOT","IDX2015","A","1998",97.943751,
"CHE","MFP","TOT","IDX2015","A","1999",96.517128,
"CHE","MFP","TOT","IDX2015","A","2000",98.292979,
"CHE","MFP","TOT","IDX2015","A","2001",98.956928,
"CHE","MFP","TOT","IDX2015","A","2002",98.008796,
"CHE","MFP","TOT","IDX2015","A","2003",96.688665,
"CHE","MFP","TOT","IDX2015","A","2004",96.824171,
"CHE","MFP","TOT","IDX2015","A","2005",98.141948,
"CHE","MFP","TOT","IDX2015","A","2006",99.825372,
"CHE","MFP","TOT","IDX2015","A","2007",100.895278,
"CHE","MFP","TOT","IDX2015","A","2008",101.093831,
"CHE","MFP","TOT","IDX2015","A","2009",97.886239,
"CHE","MFP","TOT","IDX2015","A","2010",99.889981,
"CHE","MFP","TOT","IDX2015","A","2011",99.291671,
"CHE","MFP","TOT","IDX2015","A","2012",99.043813,
"CHE","MFP","TOT","IDX2015","A","2013",100.066696,
"CHE","MFP","TOT","IDX2015","A","2014",100.716258,
"CHE","MFP","TOT","IDX2015","A","2015",100,
"CHE","MFP","TOT","IDX2015","A","2016",100.371097,
"CHE","MFP","TOT","IDX2015","A","2017",101.135372,
"CHE","MFP","TOT","IDX2015","A","2018",102.977894,
"CHE","MFP","TOT","IDX2015","A","2019",103.131586,
"CHE","MFP","TOT","IDX2015","A","2020",102.836162,
"CHE","MFP","TOT","IDX2015","A","2021",104.397601,
"CHE","MFP","TOT","IDX2015","A","2022",104.752916,
"GBR","MFP","TOT","IDX2015","A","1985",77.50546,
"GBR","MFP","TOT","IDX2015","A","1986",78.958807,
"GBR","MFP","TOT","IDX2015","A","1987",81.330709,
"GBR","MFP","TOT","IDX2015","A","1988",81.246035,
"GBR","MFP","TOT","IDX2015","A","1989",80.82623,
"GBR","MFP","TOT","IDX2015","A","1990",80.368981,
"GBR","MFP","TOT","IDX2015","A","1991",80.026197,
"GBR","MFP","TOT","IDX2015","A","1992",81.449776,
"GBR","MFP","TOT","IDX2015","A","1993",83.050942,
"GBR","MFP","TOT","IDX2015","A","1994",84.196049,
"GBR","MFP","TOT","IDX2015","A","1995",84.55219,
"GBR","MFP","TOT","IDX2015","A","1996",84.776257,
"GBR","MFP","TOT","IDX2015","A","1997",87.163098,
"GBR","MFP","TOT","IDX2015","A","1998",89.059725,
"GBR","MFP","TOT","IDX2015","A","1999",90.801672,
"GBR","MFP","TOT","IDX2015","A","2000",93.65412,
"GBR","MFP","TOT","IDX2015","A","2001",94.212766,
"GBR","MFP","TOT","IDX2015","A","2002",95.606932,
"GBR","MFP","TOT","IDX2015","A","2003",97.717273,
"GBR","MFP","TOT","IDX2015","A","2004",98.67287,
"GBR","MFP","TOT","IDX2015","A","2005",99.310555,
"GBR","MFP","TOT","IDX2015","A","2006",100.458784,
"GBR","MFP","TOT","IDX2015","A","2007",101.431172,
"GBR","MFP","TOT","IDX2015","A","2008",100.795299,
"GBR","MFP","TOT","IDX2015","A","2009",97.330465,
"GBR","MFP","TOT","IDX2015","A","2010",99.30104,
"GBR","MFP","TOT","IDX2015","A","2011",98.967158,
"GBR","MFP","TOT","IDX2015","A","2012",98.209085,
"GBR","MFP","TOT","IDX2015","A","2013",98.428995,
"GBR","MFP","TOT","IDX2015","A","2014",98.723203,
"GBR","MFP","TOT","IDX2015","A","2015",100,
"GBR","MFP","TOT","IDX2015","A","2016",99.545739,
"GBR","MFP","TOT","IDX2015","A","2017",100.868143,
"GBR","MFP","TOT","IDX2015","A","2018",101.034343,
"GBR","MFP","TOT","IDX2015","A","2019",101.213181,
"GBR","MFP","TOT","IDX2015","A","2020",98.961521,
"GBR","MFP","TOT","IDX2015","A","2021",98.952671,
"GBR","MFP","TOT","IDX2015","A","2022",99.878851,
"USA","MFP","TOT","IDX2015","A","1985",77.89597,
"USA","MFP","TOT","IDX2015","A","1986",78.830252,
"USA","MFP","TOT","IDX2015","A","1987",78.980618,
"USA","MFP","TOT","IDX2015","A","1988",79.584064,
"USA","MFP","TOT","IDX2015","A","1989",79.917043,
"USA","MFP","TOT","IDX2015","A","1990",80.442442,
"USA","MFP","TOT","IDX2015","A","1991",80.463225,
"USA","MFP","TOT","IDX2015","A","1992",82.503299,
"USA","MFP","TOT","IDX2015","A","1993",82.608712,
"USA","MFP","TOT","IDX2015","A","1994",83.234655,
"USA","MFP","TOT","IDX2015","A","1995",83.084365,
"USA","MFP","TOT","IDX2015","A","1996",84.392406,
"USA","MFP","TOT","IDX2015","A","1997",85.012535,
"USA","MFP","TOT","IDX2015","A","1998",86.003298,
"USA","MFP","TOT","IDX2015","A","1999",87.413927,
"USA","MFP","TOT","IDX2015","A","2000",88.656357,
"USA","MFP","TOT","IDX2015","A","2001",89.237805,
"USA","MFP","TOT","IDX2015","A","2002",90.640105,
"USA","MFP","TOT","IDX2015","A","2003",92.532876,
"USA","MFP","TOT","IDX2015","A","2004",94.347334,
"USA","MFP","TOT","IDX2015","A","2005",95.663413,
"USA","MFP","TOT","IDX2015","A","2006",95.947843,
"USA","MFP","TOT","IDX2015","A","2007",96.417352,
"USA","MFP","TOT","IDX2015","A","2008",96.497742,
"USA","MFP","TOT","IDX2015","A","2009",97.526531,
"USA","MFP","TOT","IDX2015","A","2010",99.468883,
"USA","MFP","TOT","IDX2015","A","2011",99.240059,
"USA","MFP","TOT","IDX2015","A","2012",99.375943,
"USA","MFP","TOT","IDX2015","A","2013",99.438932,
"USA","MFP","TOT","IDX2015","A","2014",99.572964,
"USA","MFP","TOT","IDX2015","A","2015",100,
"USA","MFP","TOT","IDX2015","A","2016",99.983952,
"USA","MFP","TOT","IDX2015","A","2017",100.502673,
"USA","MFP","TOT","IDX2015","A","2018",101.278359,
"USA","MFP","TOT","IDX2015","A","2019",101.968918,
"USA","MFP","TOT","IDX2015","A","2020",103.058726,
"USA","MFP","TOT","IDX2015","A","2021",104.678148,
"USA","MFP","TOT","IDX2015","A","2022",103.442936,
"IRL","MFP","TOT","IDX2015","A","1985",57.898912,
"IRL","MFP","TOT","IDX2015","A","1986",56.849594,
"IRL","MFP","TOT","IDX2015","A","1987",59.3241,
"IRL","MFP","TOT","IDX2015","A","1988",61.776891,
"IRL","MFP","TOT","IDX2015","A","1989",64.724284,
"IRL","MFP","TOT","IDX2015","A","1990",67.553344,
"IRL","MFP","TOT","IDX2015","A","1991",69.539775,
"IRL","MFP","TOT","IDX2015","A","1992",72.349603,
"IRL","MFP","TOT","IDX2015","A","1993",73.845534,
"IRL","MFP","TOT","IDX2015","A","1994",75.660244,
"IRL","MFP","TOT","IDX2015","A","1995",79.24387,
"IRL","MFP","TOT","IDX2015","A","1996",81.937246,
"IRL","MFP","TOT","IDX2015","A","1997",86.899784,
"IRL","MFP","TOT","IDX2015","A","1998",86.548343,
"IRL","MFP","TOT","IDX2015","A","1999",90.027825,
"IRL","MFP","TOT","IDX2015","A","2000",93.97289,
"IRL","MFP","TOT","IDX2015","A","2001",95.984527,
"IRL","MFP","TOT","IDX2015","A","2002",99.280162,
"IRL","MFP","TOT","IDX2015","A","2003",100.300084,
"IRL","MFP","TOT","IDX2015","A","2004",103.289172,
"IRL","MFP","TOT","IDX2015","A","2005",103.298282,
"IRL","MFP","TOT","IDX2015","A","2006",103.588134,
"IRL","MFP","TOT","IDX2015","A","2007",104.727568,
"IRL","MFP","TOT","IDX2015","A","2008",100.387051,
"IRL","MFP","TOT","IDX2015","A","2009",101.592071,
"IRL","MFP","TOT","IDX2015","A","2010",104.906819,
"IRL","MFP","TOT","IDX2015","A","2011",105.59897,
"IRL","MFP","TOT","IDX2015","A","2012",104.259638,
"IRL","MFP","TOT","IDX2015","A","2013",101.231084,
"IRL","MFP","TOT","IDX2015","A","2014",105.531742,
"ISR","MFP","TOT","AGRWTH","A","1996",-0.125354,
"ISR","MFP","TOT","AGRWTH","A","1997",-0.380773,
"ISR","MFP","TOT","AGRWTH","A","1998",1.172502,
"ISR","MFP","TOT","AGRWTH","A","1999",-1.364111,
"ISR","MFP","TOT","AGRWTH","A","2000",3.043995,
"ISR","MFP","TOT","AGRWTH","A","2001",-0.533419,
"ISR","MFP","TOT","AGRWTH","A","2002",-2.492038,
"ISR","MFP","TOT","AGRWTH","A","2003",0.402751,
"ISR","MFP","TOT","AGRWTH","A","2004",3.640135,
"ISR","MFP","TOT","AGRWTH","A","2005",0.944627,
"ISR","MFP","TOT","AGRWTH","A","2006",2.55792,
"ISR","MFP","TOT","AGRWTH","A","2007",0.859177,
"ISR","MFP","TOT","AGRWTH","A","2008",-0.643092,
"ISR","MFP","TOT","AGRWTH","A","2009",-1.631088,
"ISR","MFP","TOT","AGRWTH","A","2010",2.566106,
"ISR","MFP","TOT","AGRWTH","A","2011",2.4545,
"ISR","MFP","TOT","AGRWTH","A","2012",-0.605956,
"ISR","MFP","TOT","AGRWTH","A","2013",1.772582,
"ISR","MFP","TOT","AGRWTH","A","2014",1.477751,
"ISR","MFP","TOT","AGRWTH","A","2015",0.070747,
"ISR","MFP","TOT","AGRWTH","A","2016",0.750813,
"ISR","MFP","TOT","AGRWTH","A","2017",1.404342,
"ISR","MFP","TOT","AGRWTH","A","2018",1.694425,
"ISR","MFP","TOT","AGRWTH","A","2019",2.160997,
"ISR","MFP","TOT","AGRWTH","A","2020",3.149881,
"ISR","MFP","TOT","AGRWTH","A","2021",1.567876,
"ISR","MFP","TOT","AGRWTH","A","2022",0.006064,
"ISR","MFP","TOT","IDX2015","A","1996",87.804756,
"ISR","MFP","TOT","IDX2015","A","1997",87.470419,
"ISR","MFP","TOT","IDX2015","A","1998",88.496011,
"ISR","MFP","TOT","IDX2015","A","1999",87.288827,
"ISR","MFP","TOT","IDX2015","A","2000",89.945895,
"ISR","MFP","TOT","IDX2015","A","2001",89.466106,
"ISR","MFP","TOT","IDX2015","A","2002",87.236576,
"ISR","MFP","TOT","IDX2015","A","2003",87.587923,
"ISR","MFP","TOT","IDX2015","A","2004",90.776241,
"ISR","MFP","TOT","IDX2015","A","2005",91.633738,
"ISR","MFP","TOT","IDX2015","A","2006",93.977656,
"ISR","MFP","TOT","IDX2015","A","2007",94.785091,
"ISR","MFP","TOT","IDX2015","A","2008",94.175536,
"ISR","MFP","TOT","IDX2015","A","2009",92.639449,
"ISR","MFP","TOT","IDX2015","A","2010",95.016676,
"ISR","MFP","TOT","IDX2015","A","2011",97.34886,
"ISR","MFP","TOT","IDX2015","A","2012",96.758969,
"ISR","MFP","TOT","IDX2015","A","2013",98.474101,
"ISR","MFP","TOT","IDX2015","A","2014",99.929303,
"ISR","MFP","TOT","IDX2015","A","2015",100,
"ISR","MFP","TOT","IDX2015","A","2016",100.750813,
"ISR","MFP","TOT","IDX2015","A","2017",102.165699,
"ISR","MFP","TOT","IDX2015","A","2018",103.896821,
"ISR","MFP","TOT","IDX2015","A","2019",106.142028,
"ISR","MFP","TOT","IDX2015","A","2020",109.485375,
"ISR","MFP","TOT","IDX2015","A","2021",111.201969,
"ISR","MFP","TOT","IDX2015","A","2022",111.208713,
